Source,Location ID,Jurisdiction,Latitude,Longitude,Time Zone,,
DOE-WPTO US Wave dataset,183911,b'Federal',46.3894,-125.115,0,,
Year,Month,Day,Hour,Minute,Significant Wave Height,< 2 meter,< 3 meter
2006,1,1,0,0,4.074510098,1,1
2006,1,1,3,0,4.085080147,1,1
2006,1,1,6,0,4.036139965,1,1
2006,1,1,9,0,4.160739899,1,1
2006,1,1,12,0,5.867980003,1,1
2006,1,1,15,0,6.756899834,1,1
2006,1,1,18,0,7.855860233,1,1
2006,1,1,21,0,7.795919895,1,1
2006,1,2,0,0,8.599510193,1,1
2006,1,2,3,0,8.025440216,1,1
2006,1,2,6,0,7.16918993,1,1
2006,1,2,9,0,6.227489948,1,1
2006,1,2,12,0,5.590929985,1,1
2006,1,2,15,0,5.029250145,1,1
2006,1,2,18,0,4.590640068,1,1
2006,1,2,21,0,4.30354023,1,1
2006,1,3,0,0,4.122369766,1,1
2006,1,3,3,0,3.999249935,1,1
2006,1,3,6,0,3.918080091,1,1
2006,1,3,9,0,3.966109991,1,1
2006,1,3,12,0,4.347229958,1,1
2006,1,3,15,0,4.916110039,1,1
2006,1,3,18,0,5.924300194,1,1
2006,1,3,21,0,5.699779987,1,1
2006,1,4,0,0,5.339009762,1,1
2006,1,4,3,0,6.392320156,1,1
2006,1,4,6,0,7.200449944,1,1
2006,1,4,9,0,7.170489788,1,1
2006,1,4,12,0,6.813109875,1,1
2006,1,4,15,0,6.386209965,1,1
2006,1,4,18,0,6.053050041,1,1
2006,1,4,21,0,5.70472002,1,1
2006,1,5,0,0,5.7582798,1,1
2006,1,5,3,0,5.680419922,1,1
2006,1,5,6,0,7.058060169,1,1
2006,1,5,9,0,8.062350273,1,1
2006,1,5,12,0,8.543319702,1,1
2006,1,5,15,0,7.630440235,1,1
2006,1,5,18,0,7.652309895,1,1
2006,1,5,21,0,6.871329784,1,1
2006,1,6,0,0,6.33686018,1,1
2006,1,6,3,0,6.269269943,1,1
2006,1,6,6,0,5.990399837,1,1
2006,1,6,9,0,5.468820095,1,1
2006,1,6,12,0,5.00153017,1,1
2006,1,6,15,0,4.502870083,1,1
2006,1,6,18,0,4.119999886,1,1
2006,1,6,21,0,3.862529993,1,1
2006,1,7,0,0,3.693650007,1,1
2006,1,7,3,0,3.560039997,1,1
2006,1,7,6,0,3.424920082,1,1
2006,1,7,9,0,3.282680035,1,1
2006,1,7,12,0,3.15967989,1,1
2006,1,7,15,0,3.236769915,1,1
2006,1,7,18,0,3.645469904,1,1
2006,1,7,21,0,3.613430023,1,1
2006,1,8,0,0,3.599669933,1,1
2006,1,8,3,0,3.466919899,1,1
2006,1,8,6,0,3.564409971,1,1
2006,1,8,9,0,3.75206995,1,1
2006,1,8,12,0,3.805799961,1,1
2006,1,8,15,0,3.805140018,1,1
2006,1,8,18,0,3.83494997,1,1
2006,1,8,21,0,4.101240158,1,1
2006,1,9,0,0,4.466889858,1,1
2006,1,9,3,0,4.575089931,1,1
2006,1,9,6,0,5.782479763,1,1
2006,1,9,9,0,5.573579788,1,1
2006,1,9,12,0,5.30284977,1,1
2006,1,9,15,0,4.609590054,1,1
2006,1,9,18,0,4.243440151,1,1
2006,1,9,21,0,4.223659992,1,1
2006,1,10,0,0,4.571219921,1,1
2006,1,10,3,0,4.984509945,1,1
2006,1,10,6,0,5.178160191,1,1
2006,1,10,9,0,6.817669868,1,1
2006,1,10,12,0,6.583469868,1,1
2006,1,10,15,0,5.838119984,1,1
2006,1,10,18,0,5.056529999,1,1
2006,1,10,21,0,4.551300049,1,1
2006,1,11,0,0,4.209469795,1,1
2006,1,11,3,0,4.176010132,1,1
2006,1,11,6,0,4.56332016,1,1
2006,1,11,9,0,4.271430016,1,1
2006,1,11,12,0,4.194660187,1,1
2006,1,11,15,0,4.251540184,1,1
2006,1,11,18,0,4.499780178,1,1
2006,1,11,21,0,4.471859932,1,1
2006,1,12,0,0,4.187890053,1,1
2006,1,12,3,0,3.864010096,1,1
2006,1,12,6,0,3.596120119,1,1
2006,1,12,9,0,3.441920042,1,1
2006,1,12,12,0,3.324409962,1,1
2006,1,12,15,0,3.540309906,1,1
2006,1,12,18,0,4.660309792,1,1
2006,1,12,21,0,5.528399944,1,1
2006,1,13,0,0,5.93998003,1,1
2006,1,13,3,0,5.605279922,1,1
2006,1,13,6,0,5.291049957,1,1
2006,1,13,9,0,4.74985981,1,1
2006,1,13,12,0,4.566289902,1,1
2006,1,13,15,0,4.365640163,1,1
2006,1,13,18,0,4.411640167,1,1
2006,1,13,21,0,4.341549873,1,1
2006,1,14,0,0,4.496399879,1,1
2006,1,14,3,0,4.70761013,1,1
2006,1,14,6,0,4.873589993,1,1
2006,1,14,9,0,4.749559879,1,1
2006,1,14,12,0,4.442530155,1,1
2006,1,14,15,0,4.106229782,1,1
2006,1,14,18,0,3.89060998,1,1
2006,1,14,21,0,3.747090101,1,1
2006,1,15,0,0,3.645740032,1,1
2006,1,15,3,0,3.57013011,1,1
2006,1,15,6,0,3.440629959,1,1
2006,1,15,9,0,3.397530079,1,1
2006,1,15,12,0,3.436000109,1,1
2006,1,15,15,0,3.201430082,1,1
2006,1,15,18,0,2.945120096,0,1
2006,1,15,21,0,2.736710072,0,1
2006,1,16,0,0,2.635890007,0,1
2006,1,16,3,0,2.711730003,0,1
2006,1,16,6,0,3.174479961,1,1
2006,1,16,9,0,3.906049967,1,1
2006,1,16,12,0,4.447659969,1,1
2006,1,16,15,0,4.812660217,1,1
2006,1,16,18,0,3.950860023,1,1
2006,1,16,21,0,3.775990009,1,1
2006,1,17,0,0,4.613629818,1,1
2006,1,17,3,0,5.22341013,1,1
2006,1,17,6,0,4.92854023,1,1
2006,1,17,9,0,4.797520161,1,1
2006,1,17,12,0,4.945370197,1,1
2006,1,17,15,0,5.18584013,1,1
2006,1,17,18,0,5.616049767,1,1
2006,1,17,21,0,5.497570038,1,1
2006,1,18,0,0,5.07614994,1,1
2006,1,18,3,0,4.752120018,1,1
2006,1,18,6,0,4.478010178,1,1
2006,1,18,9,0,4.25883007,1,1
2006,1,18,12,0,4.133500099,1,1
2006,1,18,15,0,4.116859913,1,1
2006,1,18,18,0,4.268089771,1,1
2006,1,18,21,0,4.489500046,1,1
2006,1,19,0,0,4.669419765,1,1
2006,1,19,3,0,4.707270145,1,1
2006,1,19,6,0,4.515429974,1,1
2006,1,19,9,0,4.188650131,1,1
2006,1,19,12,0,3.86680007,1,1
2006,1,19,15,0,3.582380056,1,1
2006,1,19,18,0,3.299289942,1,1
2006,1,19,21,0,3.002640009,1,1
2006,1,20,0,0,2.962290049,0,1
2006,1,20,3,0,3.214629889,1,1
2006,1,20,6,0,4.013249874,1,1
2006,1,20,9,0,3.518079996,1,1
2006,1,20,12,0,3.042370081,1,1
2006,1,20,15,0,2.936199903,0,1
2006,1,20,18,0,3.040380001,1,1
2006,1,20,21,0,3.000060081,1,1
2006,1,21,0,0,2.929209948,0,1
2006,1,21,3,0,2.85777998,0,1
2006,1,21,6,0,2.81366992,0,1
2006,1,21,9,0,2.773890018,0,1
2006,1,21,12,0,2.712199926,0,1
2006,1,21,15,0,2.639650106,0,1
2006,1,21,18,0,2.566659927,0,1
2006,1,21,21,0,2.477370024,0,1
2006,1,22,0,0,2.396320105,0,1
2006,1,22,3,0,2.342600107,0,1
2006,1,22,6,0,2.336110115,0,1
2006,1,22,9,0,2.321180105,0,1
2006,1,22,12,0,2.3245399,0,1
2006,1,22,15,0,2.408770084,0,1
2006,1,22,18,0,2.449500084,0,1
2006,1,22,21,0,2.560139894,0,1
2006,1,23,0,0,2.671530008,0,1
2006,1,23,3,0,2.737440109,0,1
2006,1,23,6,0,2.793329954,0,1
2006,1,23,9,0,2.820669889,0,1
2006,1,23,12,0,2.913180113,0,1
2006,1,23,15,0,3.054290056,1,1
2006,1,23,18,0,3.192019939,1,1
2006,1,23,21,0,3.211509943,1,1
2006,1,24,0,0,3.115139961,1,1
2006,1,24,3,0,2.996860027,0,1
2006,1,24,6,0,2.952440023,0,1
2006,1,24,9,0,3.016330004,1,1
2006,1,24,12,0,3.176470041,1,1
2006,1,24,15,0,3.218029976,1,1
2006,1,24,18,0,3.126569986,1,1
2006,1,24,21,0,2.876810074,0,1
2006,1,25,0,0,2.797580004,0,1
2006,1,25,3,0,3.133059978,1,1
2006,1,25,6,0,3.420160055,1,1
2006,1,25,9,0,3.187220097,1,1
2006,1,25,12,0,3.045289993,1,1
2006,1,25,15,0,2.972840071,0,1
2006,1,25,18,0,2.937829971,0,1
2006,1,25,21,0,3.063390017,1,1
2006,1,26,0,0,3.524849892,1,1
2006,1,26,3,0,4.645209789,1,1
2006,1,26,6,0,5.743939877,1,1
2006,1,26,9,0,5.403480053,1,1
2006,1,26,12,0,4.804460049,1,1
2006,1,26,15,0,4.250780106,1,1
2006,1,26,18,0,4.064119816,1,1
2006,1,26,21,0,4.37609005,1,1
2006,1,27,0,0,3.682519913,1,1
2006,1,27,3,0,3.353379965,1,1
2006,1,27,6,0,3.162019968,1,1
2006,1,27,9,0,2.993560076,0,1
2006,1,27,12,0,3.057569981,1,1
2006,1,27,15,0,3.40982008,1,1
2006,1,27,18,0,3.649970055,1,1
2006,1,27,21,0,3.732739925,1,1
2006,1,28,0,0,3.891609907,1,1
2006,1,28,3,0,5.024879932,1,1
2006,1,28,6,0,6.371650219,1,1
2006,1,28,9,0,5.798639774,1,1
2006,1,28,12,0,5.037909985,1,1
2006,1,28,15,0,4.733839989,1,1
2006,1,28,18,0,4.660960197,1,1
2006,1,28,21,0,4.590829849,1,1
2006,1,29,0,0,4.730120182,1,1
2006,1,29,3,0,4.626599789,1,1
2006,1,29,6,0,4.423830032,1,1
2006,1,29,9,0,4.247809887,1,1
2006,1,29,12,0,4.149199963,1,1
2006,1,29,15,0,4.149889946,1,1
2006,1,29,18,0,5.423049927,1,1
2006,1,29,21,0,5.740869999,1,1
2006,1,30,0,0,5.515120029,1,1
2006,1,30,3,0,5.394169807,1,1
2006,1,30,6,0,5.644390106,1,1
2006,1,30,9,0,4.873179913,1,1
2006,1,30,12,0,4.364570141,1,1
2006,1,30,15,0,4.010680199,1,1
2006,1,30,18,0,3.690749884,1,1
2006,1,30,21,0,3.600049973,1,1
2006,1,31,0,0,3.688560009,1,1
2006,1,31,3,0,3.559730053,1,1
2006,1,31,6,0,3.407249928,1,1
2006,1,31,9,0,3.393539906,1,1
2006,1,31,12,0,3.536710024,1,1
2006,1,31,15,0,4.199319839,1,1
2006,1,31,18,0,5.109970093,1,1
2006,1,31,21,0,6.180669785,1,1
2006,2,1,0,0,6.962349892,1,1
2006,2,1,3,0,5.60240984,1,1
2006,2,1,6,0,5.566959858,1,1
2006,2,1,9,0,5.937990189,1,1
2006,2,1,12,0,6.101349831,1,1
2006,2,1,15,0,6.227169991,1,1
2006,2,1,18,0,5.886710167,1,1
2006,2,1,21,0,5.390250206,1,1
2006,2,2,0,0,5.149859905,1,1
2006,2,2,3,0,4.897679806,1,1
2006,2,2,6,0,4.665959835,1,1
2006,2,2,9,0,4.314740181,1,1
2006,2,2,12,0,4.020420074,1,1
2006,2,2,15,0,3.760780096,1,1
2006,2,2,18,0,3.5615201,1,1
2006,2,2,21,0,3.437900066,1,1
2006,2,3,0,0,3.443059921,1,1
2006,2,3,3,0,3.483530045,1,1
2006,2,3,6,0,3.351069927,1,1
2006,2,3,9,0,3.149830103,1,1
2006,2,3,12,0,3.042200089,1,1
2006,2,3,15,0,3.014450073,1,1
2006,2,3,18,0,3.359839916,1,1
2006,2,3,21,0,4.671949863,1,1
2006,2,4,0,0,5.595240116,1,1
2006,2,4,3,0,6.429359913,1,1
2006,2,4,6,0,8.37967968,1,1
2006,2,4,9,0,8.725950241,1,1
2006,2,4,12,0,10.1656599,1,1
2006,2,4,15,0,11.11812019,1,1
2006,2,4,18,0,10.75356007,1,1
2006,2,4,21,0,9.807519913,1,1
2006,2,5,0,0,8.314310074,1,1
2006,2,5,3,0,6.842339993,1,1
2006,2,5,6,0,5.864309788,1,1
2006,2,5,9,0,5.054359913,1,1
2006,2,5,12,0,4.369050026,1,1
2006,2,5,15,0,3.799770117,1,1
2006,2,5,18,0,3.336359978,1,1
2006,2,5,21,0,3.000349998,1,1
2006,2,6,0,0,2.823970079,0,1
2006,2,6,3,0,2.816699982,0,1
2006,2,6,6,0,3.060319901,1,1
2006,2,6,9,0,3.136120081,1,1
2006,2,6,12,0,3.47171998,1,1
2006,2,6,15,0,3.662669897,1,1
2006,2,6,18,0,3.796910048,1,1
2006,2,6,21,0,3.916130066,1,1
2006,2,7,0,0,3.91979003,1,1
2006,2,7,3,0,3.835309982,1,1
2006,2,7,6,0,3.755530119,1,1
2006,2,7,9,0,3.754909992,1,1
2006,2,7,12,0,3.763829947,1,1
2006,2,7,15,0,3.735039949,1,1
2006,2,7,18,0,3.652899981,1,1
2006,2,7,21,0,3.483870029,1,1
2006,2,8,0,0,3.392019987,1,1
2006,2,8,3,0,3.404979944,1,1
2006,2,8,6,0,3.528160095,1,1
2006,2,8,9,0,3.641669989,1,1
2006,2,8,12,0,3.729219913,1,1
2006,2,8,15,0,3.895879984,1,1
2006,2,8,18,0,3.963150024,1,1
2006,2,8,21,0,4.016489983,1,1
2006,2,9,0,0,3.957050085,1,1
2006,2,9,3,0,3.777420044,1,1
2006,2,9,6,0,3.500030041,1,1
2006,2,9,9,0,3.236190081,1,1
2006,2,9,12,0,3.169310093,1,1
2006,2,9,15,0,3.159620047,1,1
2006,2,9,18,0,3.124749899,1,1
2006,2,9,21,0,2.971699953,0,1
2006,2,10,0,0,2.820709944,0,1
2006,2,10,3,0,2.675549984,0,1
2006,2,10,6,0,2.802599907,0,1
2006,2,10,9,0,3.086889982,1,1
2006,2,10,12,0,3.109210014,1,1
2006,2,10,15,0,3.115469933,1,1
2006,2,10,18,0,3.139719963,1,1
2006,2,10,21,0,2.953360081,0,1
2006,2,11,0,0,2.863859892,0,1
2006,2,11,3,0,2.770440102,0,1
2006,2,11,6,0,2.878999949,0,1
2006,2,11,9,0,2.632019997,0,1
2006,2,11,12,0,2.555500031,0,1
2006,2,11,15,0,2.405189991,0,1
2006,2,11,18,0,2.329250097,0,1
2006,2,11,21,0,2.272530079,0,1
2006,2,12,0,0,2.261810064,0,1
2006,2,12,3,0,2.37361002,0,1
2006,2,12,6,0,2.62638998,0,1
2006,2,12,9,0,2.925260067,0,1
2006,2,12,12,0,3.174510002,1,1
2006,2,12,15,0,3.238320112,1,1
2006,2,12,18,0,3.152590036,1,1
2006,2,12,21,0,3.096699953,1,1
2006,2,13,0,0,3.148269892,1,1
2006,2,13,3,0,3.210920095,1,1
2006,2,13,6,0,3.240600109,1,1
2006,2,13,9,0,3.255759954,1,1
2006,2,13,12,0,3.405550003,1,1
2006,2,13,15,0,4.100349903,1,1
2006,2,13,18,0,4.476739883,1,1
2006,2,13,21,0,4.424620152,1,1
2006,2,14,0,0,4.363759995,1,1
2006,2,14,3,0,4.218870163,1,1
2006,2,14,6,0,3.981770039,1,1
2006,2,14,9,0,3.828419924,1,1
2006,2,14,12,0,3.653759956,1,1
2006,2,14,15,0,3.3605299,1,1
2006,2,14,18,0,3.018520117,1,1
2006,2,14,21,0,2.771759987,0,1
2006,2,15,0,0,2.586430073,0,1
2006,2,15,3,0,2.507800102,0,1
2006,2,15,6,0,2.629199982,0,1
2006,2,15,9,0,2.786880016,0,1
2006,2,15,12,0,2.847690105,0,1
2006,2,15,15,0,2.848400116,0,1
2006,2,15,18,0,2.78102994,0,1
2006,2,15,21,0,2.703890085,0,1
2006,2,16,0,0,2.637290001,0,1
2006,2,16,3,0,2.606810093,0,1
2006,2,16,6,0,2.620919943,0,1
2006,2,16,9,0,2.622450113,0,1
2006,2,16,12,0,2.570630074,0,1
2006,2,16,15,0,2.471669912,0,1
2006,2,16,18,0,2.355619907,0,1
2006,2,16,21,0,2.288389921,0,1
2006,2,17,0,0,2.232409954,0,1
2006,2,17,3,0,2.350159883,0,1
2006,2,17,6,0,2.786870003,0,1
2006,2,17,9,0,3.052350044,1,1
2006,2,17,12,0,3.39902997,1,1
2006,2,17,15,0,4.007820129,1,1
2006,2,17,18,0,3.928649902,1,1
2006,2,17,21,0,3.821029902,1,1
2006,2,18,0,0,3.598829985,1,1
2006,2,18,3,0,3.519190073,1,1
2006,2,18,6,0,3.528310061,1,1
2006,2,18,9,0,3.182100058,1,1
2006,2,18,12,0,3.092099905,1,1
2006,2,18,15,0,3.177469969,1,1
2006,2,18,18,0,2.685169935,0,1
2006,2,18,21,0,2.305510044,0,1
2006,2,19,0,0,1.919849992,0,0
2006,2,19,3,0,1.761610031,0,0
2006,2,19,6,0,1.774449944,0,0
2006,2,19,9,0,1.812880039,0,0
2006,2,19,12,0,1.70510006,0,0
2006,2,19,15,0,1.622349977,0,0
2006,2,19,18,0,1.48676002,0,0
2006,2,19,21,0,1.36353004,0,0
2006,2,20,0,0,1.302090049,0,0
2006,2,20,3,0,1.352830052,0,0
2006,2,20,6,0,1.462949991,0,0
2006,2,20,9,0,1.48597002,0,0
2006,2,20,12,0,1.613180041,0,0
2006,2,20,15,0,1.833250046,0,0
2006,2,20,18,0,2.04073,0,1
2006,2,20,21,0,2.132250071,0,1
2006,2,21,0,0,2.249890089,0,1
2006,2,21,3,0,2.32407999,0,1
2006,2,21,6,0,2.257719994,0,1
2006,2,21,9,0,2.095400095,0,1
2006,2,21,12,0,2.012569904,0,1
2006,2,21,15,0,2.03512001,0,1
2006,2,21,18,0,2.166239977,0,1
2006,2,21,21,0,2.267280102,0,1
2006,2,22,0,0,2.292109966,0,1
2006,2,22,3,0,2.288480043,0,1
2006,2,22,6,0,2.407890081,0,1
2006,2,22,9,0,2.406150103,0,1
2006,2,22,12,0,2.435319901,0,1
2006,2,22,15,0,2.453299999,0,1
2006,2,22,18,0,2.439889908,0,1
2006,2,22,21,0,2.399460077,0,1
2006,2,23,0,0,2.436160088,0,1
2006,2,23,3,0,2.403480053,0,1
2006,2,23,6,0,2.363369942,0,1
2006,2,23,9,0,2.335839987,0,1
2006,2,23,12,0,2.251470089,0,1
2006,2,23,15,0,2.254300117,0,1
2006,2,23,18,0,2.328749895,0,1
2006,2,23,21,0,2.295120001,0,1
2006,2,24,0,0,2.509720087,0,1
2006,2,24,3,0,2.59890008,0,1
2006,2,24,6,0,2.609780073,0,1
2006,2,24,9,0,2.407180071,0,1
2006,2,24,12,0,2.252660036,0,1
2006,2,24,15,0,2.124749899,0,1
2006,2,24,18,0,2.00180006,0,1
2006,2,24,21,0,1.887470007,0,0
2006,2,25,0,0,1.792989969,0,0
2006,2,25,3,0,1.749340057,0,0
2006,2,25,6,0,1.764829993,0,0
2006,2,25,9,0,1.875579953,0,0
2006,2,25,12,0,1.902889967,0,0
2006,2,25,15,0,1.869709969,0,0
2006,2,25,18,0,1.893869996,0,0
2006,2,25,21,0,1.842650056,0,0
2006,2,26,0,0,1.737679958,0,0
2006,2,26,3,0,1.560600042,0,0
2006,2,26,6,0,1.687860012,0,0
2006,2,26,9,0,1.853670001,0,0
2006,2,26,12,0,1.79121995,0,0
2006,2,26,15,0,1.733109951,0,0
2006,2,26,18,0,1.833099961,0,0
2006,2,26,21,0,1.887850046,0,0
2006,2,27,0,0,2.20562005,0,1
2006,2,27,3,0,2.734050035,0,1
2006,2,27,6,0,4.904829979,1,1
2006,2,27,9,0,6.21721983,1,1
2006,2,27,12,0,5.106999874,1,1
2006,2,27,15,0,4.052320004,1,1
2006,2,27,18,0,3.512239933,1,1
2006,2,27,21,0,3.302740097,1,1
2006,2,28,0,0,3.408349991,1,1
2006,2,28,3,0,3.279360056,1,1
2006,2,28,6,0,3.184200048,1,1
2006,2,28,9,0,3.008949995,1,1
2006,2,28,12,0,2.900239944,0,1
2006,2,28,15,0,2.759130001,0,1
2006,2,28,18,0,2.454410076,0,1
2006,2,28,21,0,2.244620085,0,1
2006,3,1,0,0,2.132260084,0,1
2006,3,1,3,0,2.266330004,0,1
2006,3,1,6,0,2.474060059,0,1
2006,3,1,9,0,2.743900061,0,1
2006,3,1,12,0,3.94333005,1,1
2006,3,1,15,0,4.070919991,1,1
2006,3,1,18,0,3.905519962,1,1
2006,3,1,21,0,4.249939919,1,1
2006,3,2,0,0,4.93445015,1,1
2006,3,2,3,0,5.017479897,1,1
2006,3,2,6,0,4.973659992,1,1
2006,3,2,9,0,5.371290207,1,1
2006,3,2,12,0,5.794010162,1,1
2006,3,2,15,0,6.47412014,1,1
2006,3,2,18,0,6.631169796,1,1
2006,3,2,21,0,5.827939987,1,1
2006,3,3,0,0,4.740640163,1,1
2006,3,3,3,0,4.133339882,1,1
2006,3,3,6,0,3.699909925,1,1
2006,3,3,9,0,3.363539934,1,1
2006,3,3,12,0,3.076440096,1,1
2006,3,3,15,0,2.812040091,0,1
2006,3,3,18,0,2.589900017,0,1
2006,3,3,21,0,2.409519911,0,1
2006,3,4,0,0,2.263010025,0,1
2006,3,4,3,0,2.1256001,0,1
2006,3,4,6,0,1.995599985,0,0
2006,3,4,9,0,1.951539993,0,0
2006,3,4,12,0,2.194859982,0,1
2006,3,4,15,0,2.497610092,0,1
2006,3,4,18,0,2.804019928,0,1
2006,3,4,21,0,2.848210096,0,1
2006,3,5,0,0,2.69224,0,1
2006,3,5,3,0,2.743730068,0,1
2006,3,5,6,0,3.367259979,1,1
2006,3,5,9,0,3.914000034,1,1
2006,3,5,12,0,4.643330097,1,1
2006,3,5,15,0,4.793489933,1,1
2006,3,5,18,0,4.480319977,1,1
2006,3,5,21,0,4.189780235,1,1
2006,3,6,0,0,4.094590187,1,1
2006,3,6,3,0,4.211460114,1,1
2006,3,6,6,0,5.261919975,1,1
2006,3,6,9,0,5.407599926,1,1
2006,3,6,12,0,5.42234993,1,1
2006,3,6,15,0,4.98375988,1,1
2006,3,6,18,0,4.555459976,1,1
2006,3,6,21,0,4.07446003,1,1
2006,3,7,0,0,3.656100035,1,1
2006,3,7,3,0,3.238090038,1,1
2006,3,7,6,0,2.851670027,0,1
2006,3,7,9,0,2.608390093,0,1
2006,3,7,12,0,2.548559904,0,1
2006,3,7,15,0,2.831729889,0,1
2006,3,7,18,0,3.035190105,1,1
2006,3,7,21,0,2.777980089,0,1
2006,3,8,0,0,2.523010015,0,1
2006,3,8,3,0,2.36864996,0,1
2006,3,8,6,0,2.339970112,0,1
2006,3,8,9,0,2.44885993,0,1
2006,3,8,12,0,2.962470055,0,1
2006,3,8,15,0,3.521300077,1,1
2006,3,8,18,0,4.19946003,1,1
2006,3,8,21,0,5.051340103,1,1
2006,3,9,0,0,5.485350132,1,1
2006,3,9,3,0,6.334479809,1,1
2006,3,9,6,0,6.227499962,1,1
2006,3,9,9,0,6.095950127,1,1
2006,3,9,12,0,5.876450062,1,1
2006,3,9,15,0,5.673769951,1,1
2006,3,9,18,0,5.371759892,1,1
2006,3,9,21,0,5.255660057,1,1
2006,3,10,0,0,5.406330109,1,1
2006,3,10,3,0,5.640649796,1,1
2006,3,10,6,0,5.660459995,1,1
2006,3,10,9,0,5.56114006,1,1
2006,3,10,12,0,5.437570095,1,1
2006,3,10,15,0,5.309269905,1,1
2006,3,10,18,0,5.180940151,1,1
2006,3,10,21,0,5.042369843,1,1
2006,3,11,0,0,4.910039902,1,1
2006,3,11,3,0,4.802470207,1,1
2006,3,11,6,0,4.720980167,1,1
2006,3,11,9,0,4.625170231,1,1
2006,3,11,12,0,4.488689899,1,1
2006,3,11,15,0,4.284800053,1,1
2006,3,11,18,0,3.997289896,1,1
2006,3,11,21,0,3.702059984,1,1
2006,3,12,0,0,3.443900108,1,1
2006,3,12,3,0,3.214459896,1,1
2006,3,12,6,0,3.026910067,1,1
2006,3,12,9,0,2.85323,0,1
2006,3,12,12,0,2.695199966,0,1
2006,3,12,15,0,2.54241991,0,1
2006,3,12,18,0,2.38854003,0,1
2006,3,12,21,0,2.235419989,0,1
2006,3,13,0,0,2.091710091,0,1
2006,3,13,3,0,1.959210038,0,0
2006,3,13,6,0,1.831359982,0,0
2006,3,13,9,0,1.776960015,0,0
2006,3,13,12,0,2.170399904,0,1
2006,3,13,15,0,2.260519981,0,1
2006,3,13,18,0,2.522989988,0,1
2006,3,13,21,0,2.62838006,0,1
2006,3,14,0,0,2.905400038,0,1
2006,3,14,3,0,3.544199944,1,1
2006,3,14,6,0,2.872560024,0,1
2006,3,14,9,0,2.598510027,0,1
2006,3,14,12,0,2.386460066,0,1
2006,3,14,15,0,2.398360014,0,1
2006,3,14,18,0,2.628599882,0,1
2006,3,14,21,0,3.301929951,1,1
2006,3,15,0,0,3.936209917,1,1
2006,3,15,3,0,4.13781023,1,1
2006,3,15,6,0,4.036409855,1,1
2006,3,15,9,0,3.847170115,1,1
2006,3,15,12,0,4.018630028,1,1
2006,3,15,15,0,3.932600021,1,1
2006,3,15,18,0,3.629869938,1,1
2006,3,15,21,0,3.344749928,1,1
2006,3,16,0,0,3.126270056,1,1
2006,3,16,3,0,3.105400085,1,1
2006,3,16,6,0,3.159660101,1,1
2006,3,16,9,0,3.385859966,1,1
2006,3,16,12,0,3.657239914,1,1
2006,3,16,15,0,4.036089897,1,1
2006,3,16,18,0,4.100170135,1,1
2006,3,16,21,0,3.7957201,1,1
2006,3,17,0,0,3.466799974,1,1
2006,3,17,3,0,3.375580072,1,1
2006,3,17,6,0,3.508249998,1,1
2006,3,17,9,0,3.638989925,1,1
2006,3,17,12,0,3.353729963,1,1
2006,3,17,15,0,2.867079973,0,1
2006,3,17,18,0,2.641959906,0,1
2006,3,17,21,0,2.827009916,0,1
2006,3,18,0,0,3.365629911,1,1
2006,3,18,3,0,3.773030043,1,1
2006,3,18,6,0,3.489779949,1,1
2006,3,18,9,0,2.879760027,0,1
2006,3,18,12,0,2.416680098,0,1
2006,3,18,15,0,2.024019957,0,1
2006,3,18,18,0,1.752900004,0,0
2006,3,18,21,0,1.590549946,0,0
2006,3,19,0,0,1.607640028,0,0
2006,3,19,3,0,1.755900025,0,0
2006,3,19,6,0,1.787690043,0,0
2006,3,19,9,0,1.742239952,0,0
2006,3,19,12,0,1.701900005,0,0
2006,3,19,15,0,1.647500038,0,0
2006,3,19,18,0,1.587800026,0,0
2006,3,19,21,0,1.554159999,0,0
2006,3,20,0,0,1.546470046,0,0
2006,3,20,3,0,1.562999964,0,0
2006,3,20,6,0,1.573539972,0,0
2006,3,20,9,0,1.591400027,0,0
2006,3,20,12,0,1.803619981,0,0
2006,3,20,15,0,2.187099934,0,1
2006,3,20,18,0,2.474760056,0,1
2006,3,20,21,0,2.602619886,0,1
2006,3,21,0,0,2.574219942,0,1
2006,3,21,3,0,2.530770063,0,1
2006,3,21,6,0,2.598999977,0,1
2006,3,21,9,0,2.785140038,0,1
2006,3,21,12,0,2.936670065,0,1
2006,3,21,15,0,2.946389914,0,1
2006,3,21,18,0,2.899490118,0,1
2006,3,21,21,0,2.888020039,0,1
2006,3,22,0,0,3.311929941,1,1
2006,3,22,3,0,4.098959923,1,1
2006,3,22,6,0,4.325510025,1,1
2006,3,22,9,0,3.982919931,1,1
2006,3,22,12,0,3.722539902,1,1
2006,3,22,15,0,3.818540096,1,1
2006,3,22,18,0,3.822079897,1,1
2006,3,22,21,0,3.912800074,1,1
2006,3,23,0,0,4.184840202,1,1
2006,3,23,3,0,4.779489994,1,1
2006,3,23,6,0,5.484899998,1,1
2006,3,23,9,0,5.284160137,1,1
2006,3,23,12,0,5.011789799,1,1
2006,3,23,15,0,5.213349819,1,1
2006,3,23,18,0,5.348289967,1,1
2006,3,23,21,0,5.310249805,1,1
2006,3,24,0,0,6.240560055,1,1
2006,3,24,3,0,5.166560173,1,1
2006,3,24,6,0,4.373740196,1,1
2006,3,24,9,0,3.892560005,1,1
2006,3,24,12,0,3.581320047,1,1
2006,3,24,15,0,3.699899912,1,1
2006,3,24,18,0,3.970949888,1,1
2006,3,24,21,0,4.069009781,1,1
2006,3,25,0,0,3.546430111,1,1
2006,3,25,3,0,2.901279926,0,1
2006,3,25,6,0,2.524640083,0,1
2006,3,25,9,0,2.338119984,0,1
2006,3,25,12,0,2.23642993,0,1
2006,3,25,15,0,2.173619986,0,1
2006,3,25,18,0,2.105839968,0,1
2006,3,25,21,0,2.061320066,0,1
2006,3,26,0,0,2.054239988,0,1
2006,3,26,3,0,2.06362009,0,1
2006,3,26,6,0,2.064039946,0,1
2006,3,26,9,0,2.153059959,0,1
2006,3,26,12,0,2.474940062,0,1
2006,3,26,15,0,2.650569916,0,1
2006,3,26,18,0,2.575789928,0,1
2006,3,26,21,0,2.544529915,0,1
2006,3,27,0,0,2.554120064,0,1
2006,3,27,3,0,2.408519983,0,1
2006,3,27,6,0,2.239700079,0,1
2006,3,27,9,0,2.090080023,0,1
2006,3,27,12,0,2.013930082,0,1
2006,3,27,15,0,1.964849949,0,0
2006,3,27,18,0,1.885280013,0,0
2006,3,27,21,0,1.780220032,0,0
2006,3,28,0,0,1.661440015,0,0
2006,3,28,3,0,1.628690004,0,0
2006,3,28,6,0,1.912649989,0,0
2006,3,28,9,0,1.878329992,0,0
2006,3,28,12,0,2.041960001,0,1
2006,3,28,15,0,2.17911005,0,1
2006,3,28,18,0,2.140100002,0,1
2006,3,28,21,0,2.188280106,0,1
2006,3,29,0,0,2.37154007,0,1
2006,3,29,3,0,2.362299919,0,1
2006,3,29,6,0,2.420639992,0,1
2006,3,29,9,0,2.212100029,0,1
2006,3,29,12,0,2.047110081,0,1
2006,3,29,15,0,1.93719995,0,0
2006,3,29,18,0,1.793390036,0,0
2006,3,29,21,0,1.687240005,0,0
2006,3,30,0,0,1.639780045,0,0
2006,3,30,3,0,1.619729996,0,0
2006,3,30,6,0,1.613510013,0,0
2006,3,30,9,0,1.564599991,0,0
2006,3,30,12,0,1.551830053,0,0
2006,3,30,15,0,1.587180018,0,0
2006,3,30,18,0,1.589079976,0,0
2006,3,30,21,0,1.535719991,0,0
2006,3,31,0,0,1.477100015,0,0
2006,3,31,3,0,1.457949996,0,0
2006,3,31,6,0,1.472200036,0,0
2006,3,31,9,0,1.567630053,0,0
2006,3,31,12,0,1.82427001,0,0
2006,3,31,15,0,2.163850069,0,1
2006,3,31,18,0,2.564510107,0,1
2006,3,31,21,0,2.795609951,0,1
2006,4,1,0,0,2.641079903,0,1
2006,4,1,3,0,2.434560061,0,1
2006,4,1,6,0,2.303900003,0,1
2006,4,1,9,0,2.177629948,0,1
2006,4,1,12,0,2.074970007,0,1
2006,4,1,15,0,1.980679989,0,0
2006,4,1,18,0,1.92505002,0,0
2006,4,1,21,0,2.056220055,0,1
2006,4,2,0,0,2.234450102,0,1
2006,4,2,3,0,2.366620064,0,1
2006,4,2,6,0,2.686199903,0,1
2006,4,2,9,0,3.231470108,1,1
2006,4,2,12,0,3.925179958,1,1
2006,4,2,15,0,4.602220058,1,1
2006,4,2,18,0,4.522119999,1,1
2006,4,2,21,0,4.263730049,1,1
2006,4,3,0,0,3.757499933,1,1
2006,4,3,3,0,3.338550091,1,1
2006,4,3,6,0,3.114530087,1,1
2006,4,3,9,0,2.968100071,0,1
2006,4,3,12,0,2.892729998,0,1
2006,4,3,15,0,2.952569962,0,1
2006,4,3,18,0,3.176399946,1,1
2006,4,3,21,0,3.778209925,1,1
2006,4,4,0,0,3.583920002,1,1
2006,4,4,3,0,3.580729961,1,1
2006,4,4,6,0,3.202140093,1,1
2006,4,4,9,0,2.869019985,0,1
2006,4,4,12,0,2.63105011,0,1
2006,4,4,15,0,2.46036005,0,1
2006,4,4,18,0,2.263859987,0,1
2006,4,4,21,0,2.101560116,0,1
2006,4,5,0,0,2.018039942,0,1
2006,4,5,3,0,2.165369987,0,1
2006,4,5,6,0,2.348350048,0,1
2006,4,5,9,0,2.309230089,0,1
2006,4,5,12,0,2.216959953,0,1
2006,4,5,15,0,2.001209974,0,1
2006,4,5,18,0,1.800629973,0,0
2006,4,5,21,0,1.894080043,0,0
2006,4,6,0,0,1.837389946,0,0
2006,4,6,3,0,1.712159991,0,0
2006,4,6,6,0,1.67434001,0,0
2006,4,6,9,0,1.727720022,0,0
2006,4,6,12,0,1.890439987,0,0
2006,4,6,15,0,2.155260086,0,1
2006,4,6,18,0,2.445470095,0,1
2006,4,6,21,0,2.792229891,0,1
2006,4,7,0,0,2.905380011,0,1
2006,4,7,3,0,2.788680077,0,1
2006,4,7,6,0,2.670710087,0,1
2006,4,7,9,0,2.635370016,0,1
2006,4,7,12,0,2.653810024,0,1
2006,4,7,15,0,2.660860062,0,1
2006,4,7,18,0,2.689219952,0,1
2006,4,7,21,0,2.678709984,0,1
2006,4,8,0,0,2.631200075,0,1
2006,4,8,3,0,2.601200104,0,1
2006,4,8,6,0,2.606770039,0,1
2006,4,8,9,0,2.488369942,0,1
2006,4,8,12,0,2.377779961,0,1
2006,4,8,15,0,2.288429976,0,1
2006,4,8,18,0,2.405999899,0,1
2006,4,8,21,0,2.580280066,0,1
2006,4,9,0,0,2.421360016,0,1
2006,4,9,3,0,2.231620073,0,1
2006,4,9,6,0,2.125420094,0,1
2006,4,9,9,0,2.006669998,0,1
2006,4,9,12,0,1.910300016,0,0
2006,4,9,15,0,1.826869965,0,0
2006,4,9,18,0,1.76117003,0,0
2006,4,9,21,0,1.728549957,0,0
2006,4,10,0,0,1.72221005,0,0
2006,4,10,3,0,1.733530045,0,0
2006,4,10,6,0,1.79914999,0,0
2006,4,10,9,0,1.875920057,0,0
2006,4,10,12,0,2.017210007,0,1
2006,4,10,15,0,2.103199959,0,1
2006,4,10,18,0,2.146519899,0,1
2006,4,10,21,0,2.277699947,0,1
2006,4,11,0,0,2.363470078,0,1
2006,4,11,3,0,2.399420023,0,1
2006,4,11,6,0,2.421070099,0,1
2006,4,11,9,0,2.448829889,0,1
2006,4,11,12,0,2.476300001,0,1
2006,4,11,15,0,2.424469948,0,1
2006,4,11,18,0,2.343980074,0,1
2006,4,11,21,0,2.263489962,0,1
2006,4,12,0,0,2.223649979,0,1
2006,4,12,3,0,2.360830069,0,1
2006,4,12,6,0,2.652029991,0,1
2006,4,12,9,0,2.788889885,0,1
2006,4,12,12,0,2.831510067,0,1
2006,4,12,15,0,2.739969969,0,1
2006,4,12,18,0,2.697730064,0,1
2006,4,12,21,0,2.627899885,0,1
2006,4,13,0,0,2.475450039,0,1
2006,4,13,3,0,2.294990063,0,1
2006,4,13,6,0,2.184629917,0,1
2006,4,13,9,0,2.091180086,0,1
2006,4,13,12,0,2.036689997,0,1
2006,4,13,15,0,2.032589912,0,1
2006,4,13,18,0,2.681309938,0,1
2006,4,13,21,0,3.044509888,1,1
2006,4,14,0,0,3.392950058,1,1
2006,4,14,3,0,3.261159897,1,1
2006,4,14,6,0,2.885699987,0,1
2006,4,14,9,0,2.630100012,0,1
2006,4,14,12,0,2.788170099,0,1
2006,4,14,15,0,2.972480059,0,1
2006,4,14,18,0,3.055429935,1,1
2006,4,14,21,0,3.167560101,1,1
2006,4,15,0,0,3.297250032,1,1
2006,4,15,3,0,3.399339914,1,1
2006,4,15,6,0,3.459209919,1,1
2006,4,15,9,0,3.585969925,1,1
2006,4,15,12,0,3.878269911,1,1
2006,4,15,15,0,4.534999847,1,1
2006,4,15,18,0,4.893189907,1,1
2006,4,15,21,0,5.586709976,1,1
2006,4,16,0,0,5.694379807,1,1
2006,4,16,3,0,5.29090023,1,1
2006,4,16,6,0,4.914979935,1,1
2006,4,16,9,0,4.5553298,1,1
2006,4,16,12,0,4.379119873,1,1
2006,4,16,15,0,4.279819965,1,1
2006,4,16,18,0,4.216629982,1,1
2006,4,16,21,0,4.07363987,1,1
2006,4,17,0,0,3.913120031,1,1
2006,4,17,3,0,3.672090054,1,1
2006,4,17,6,0,3.3396101,1,1
2006,4,17,9,0,3.031209946,1,1
2006,4,17,12,0,2.785939932,0,1
2006,4,17,15,0,2.722899914,0,1
2006,4,17,18,0,2.700010061,0,1
2006,4,17,21,0,2.538660049,0,1
2006,4,18,0,0,2.415740013,0,1
2006,4,18,3,0,2.309959888,0,1
2006,4,18,6,0,2.209029913,0,1
2006,4,18,9,0,2.122550011,0,1
2006,4,18,12,0,2.098809958,0,1
2006,4,18,15,0,2.105020046,0,1
2006,4,18,18,0,2.089639902,0,1
2006,4,18,21,0,2.017159939,0,1
2006,4,19,0,0,2.02083993,0,1
2006,4,19,3,0,2.019150019,0,1
2006,4,19,6,0,2.107460022,0,1
2006,4,19,9,0,2.086380005,0,1
2006,4,19,12,0,2.137729883,0,1
2006,4,19,15,0,2.235919952,0,1
2006,4,19,18,0,2.43562007,0,1
2006,4,19,21,0,2.559329987,0,1
2006,4,20,0,0,2.621550083,0,1
2006,4,20,3,0,2.818949938,0,1
2006,4,20,6,0,3.033030033,1,1
2006,4,20,9,0,3.166620016,1,1
2006,4,20,12,0,3.225440025,1,1
2006,4,20,15,0,3.230609894,1,1
2006,4,20,18,0,3.188299894,1,1
2006,4,20,21,0,3.101550102,1,1
2006,4,21,0,0,2.982120037,0,1
2006,4,21,3,0,2.877619982,0,1
2006,4,21,6,0,2.841120005,0,1
2006,4,21,9,0,3.024100065,1,1
2006,4,21,12,0,3.282629967,1,1
2006,4,21,15,0,3.267810106,1,1
2006,4,21,18,0,3.145740032,1,1
2006,4,21,21,0,2.876460075,0,1
2006,4,22,0,0,2.798449993,0,1
2006,4,22,3,0,2.866549969,0,1
2006,4,22,6,0,2.852390051,0,1
2006,4,22,9,0,2.623559952,0,1
2006,4,22,12,0,2.442070007,0,1
2006,4,22,15,0,2.182699919,0,1
2006,4,22,18,0,1.92129004,0,0
2006,4,22,21,0,1.763319969,0,0
2006,4,23,0,0,1.937929988,0,0
2006,4,23,3,0,1.946320057,0,0
2006,4,23,6,0,1.806779981,0,0
2006,4,23,9,0,1.579429984,0,0
2006,4,23,12,0,1.403190017,0,0
2006,4,23,15,0,1.318179965,0,0
2006,4,23,18,0,1.336269975,0,0
2006,4,23,21,0,1.37590003,0,0
2006,4,24,0,0,1.543820024,0,0
2006,4,24,3,0,1.73763001,0,0
2006,4,24,6,0,1.719300032,0,0
2006,4,24,9,0,1.548679948,0,0
2006,4,24,12,0,1.449710011,0,0
2006,4,24,15,0,1.430979967,0,0
2006,4,24,18,0,1.466539979,0,0
2006,4,24,21,0,1.508380055,0,0
2006,4,25,0,0,1.581449986,0,0
2006,4,25,3,0,1.660740018,0,0
2006,4,25,6,0,1.70855999,0,0
2006,4,25,9,0,1.721359968,0,0
2006,4,25,12,0,1.858690023,0,0
2006,4,25,15,0,1.936499953,0,0
2006,4,25,18,0,2.016590118,0,1
2006,4,25,21,0,2.006850004,0,1
2006,4,26,0,0,1.996299982,0,0
2006,4,26,3,0,2.003730059,0,1
2006,4,26,6,0,2.045130014,0,1
2006,4,26,9,0,1.950080037,0,0
2006,4,26,12,0,1.836369991,0,0
2006,4,26,15,0,1.731750011,0,0
2006,4,26,18,0,1.661049962,0,0
2006,4,26,21,0,1.771819949,0,0
2006,4,27,0,0,2.111150026,0,1
2006,4,27,3,0,2.261399984,0,1
2006,4,27,6,0,2.213680029,0,1
2006,4,27,9,0,2.151429892,0,1
2006,4,27,12,0,2.105319977,0,1
2006,4,27,15,0,2.067130089,0,1
2006,4,27,18,0,2.02940011,0,1
2006,4,27,21,0,1.989979982,0,0
2006,4,28,0,0,1.948770046,0,0
2006,4,28,3,0,1.912829995,0,0
2006,4,28,6,0,1.904410005,0,0
2006,4,28,9,0,1.933320045,0,0
2006,4,28,12,0,1.966390014,0,0
2006,4,28,15,0,1.985229969,0,0
2006,4,28,18,0,2.009569883,0,1
2006,4,28,21,0,2.044650078,0,1
2006,4,29,0,0,2.064830065,0,1
2006,4,29,3,0,2.057869911,0,1
2006,4,29,6,0,2.054680109,0,1
2006,4,29,9,0,2.083489895,0,1
2006,4,29,12,0,2.145030022,0,1
2006,4,29,15,0,2.328249931,0,1
2006,4,29,18,0,2.744600058,0,1
2006,4,29,21,0,2.96194005,0,1
2006,4,30,0,0,3.073390007,1,1
2006,4,30,3,0,3.10413003,1,1
2006,4,30,6,0,3.155620098,1,1
2006,4,30,9,0,3.07220006,1,1
2006,4,30,12,0,2.988320112,0,1
2006,4,30,15,0,2.824290037,0,1
2006,4,30,18,0,2.65583992,0,1
2006,4,30,21,0,2.524450064,0,1
2006,5,1,0,0,2.529390097,0,1
2006,5,1,3,0,2.553060055,0,1
2006,5,1,6,0,2.614059925,0,1
2006,5,1,9,0,2.655910015,0,1
2006,5,1,12,0,2.628700018,0,1
2006,5,1,15,0,2.629940033,0,1
2006,5,1,18,0,2.734430075,0,1
2006,5,1,21,0,2.731620073,0,1
2006,5,2,0,0,2.745199919,0,1
2006,5,2,3,0,2.795480013,0,1
2006,5,2,6,0,2.88319993,0,1
2006,5,2,9,0,2.764260054,0,1
2006,5,2,12,0,2.635299921,0,1
2006,5,2,15,0,2.428410053,0,1
2006,5,2,18,0,2.162669897,0,1
2006,5,2,21,0,1.983710051,0,0
2006,5,3,0,0,2.050709963,0,1
2006,5,3,3,0,2.249880075,0,1
2006,5,3,6,0,2.32949996,0,1
2006,5,3,9,0,2.097460032,0,1
2006,5,3,12,0,1.850589991,0,0
2006,5,3,15,0,1.72755003,0,0
2006,5,3,18,0,1.685039997,0,0
2006,5,3,21,0,1.769850016,0,0
2006,5,4,0,0,2.019639969,0,1
2006,5,4,3,0,2.096940041,0,1
2006,5,4,6,0,2.071559906,0,1
2006,5,4,9,0,1.879909992,0,0
2006,5,4,12,0,1.698150039,0,0
2006,5,4,15,0,1.566009998,0,0
2006,5,4,18,0,1.468129992,0,0
2006,5,4,21,0,1.393069983,0,0
2006,5,5,0,0,1.451990008,0,0
2006,5,5,3,0,1.632699966,0,0
2006,5,5,6,0,1.817520022,0,0
2006,5,5,9,0,1.79361999,0,0
2006,5,5,12,0,1.824990034,0,0
2006,5,5,15,0,2.049420118,0,1
2006,5,5,18,0,2.153929949,0,1
2006,5,5,21,0,2.25177002,0,1
2006,5,6,0,0,2.354660034,0,1
2006,5,6,3,0,2.435859919,0,1
2006,5,6,6,0,2.489520073,0,1
2006,5,6,9,0,2.48845005,0,1
2006,5,6,12,0,2.462340117,0,1
2006,5,6,15,0,2.415240049,0,1
2006,5,6,18,0,2.3411901,0,1
2006,5,6,21,0,2.245630026,0,1
2006,5,7,0,0,2.132380009,0,1
2006,5,7,3,0,2.069070101,0,1
2006,5,7,6,0,2.161269903,0,1
2006,5,7,9,0,2.611569881,0,1
2006,5,7,12,0,2.786279917,0,1
2006,5,7,15,0,2.719700098,0,1
2006,5,7,18,0,2.695790052,0,1
2006,5,7,21,0,2.664700031,0,1
2006,5,8,0,0,2.689100027,0,1
2006,5,8,3,0,2.792409897,0,1
2006,5,8,6,0,2.845949888,0,1
2006,5,8,9,0,2.732490063,0,1
2006,5,8,12,0,2.714890003,0,1
2006,5,8,15,0,2.795180082,0,1
2006,5,8,18,0,2.862299919,0,1
2006,5,8,21,0,2.895109892,0,1
2006,5,9,0,0,2.914999962,0,1
2006,5,9,3,0,2.907629967,0,1
2006,5,9,6,0,2.885099888,0,1
2006,5,9,9,0,2.843359947,0,1
2006,5,9,12,0,2.752079964,0,1
2006,5,9,15,0,2.637350082,0,1
2006,5,9,18,0,2.53888011,0,1
2006,5,9,21,0,2.467930079,0,1
2006,5,10,0,0,2.475899935,0,1
2006,5,10,3,0,2.432970047,0,1
2006,5,10,6,0,2.358850002,0,1
2006,5,10,9,0,2.229470015,0,1
2006,5,10,12,0,2.095419884,0,1
2006,5,10,15,0,1.96510005,0,0
2006,5,10,18,0,1.785590053,0,0
2006,5,10,21,0,1.720090032,0,0
2006,5,11,0,0,1.848330021,0,0
2006,5,11,3,0,1.991060019,0,0
2006,5,11,6,0,2.123859882,0,1
2006,5,11,9,0,1.969290018,0,0
2006,5,11,12,0,1.844660044,0,0
2006,5,11,15,0,1.827039957,0,0
2006,5,11,18,0,1.904459953,0,0
2006,5,11,21,0,1.957550049,0,0
2006,5,12,0,0,1.914250016,0,0
2006,5,12,3,0,1.898800015,0,0
2006,5,12,6,0,1.918570042,0,0
2006,5,12,9,0,1.899150014,0,0
2006,5,12,12,0,1.889109969,0,0
2006,5,12,15,0,1.865980029,0,0
2006,5,12,18,0,1.813670039,0,0
2006,5,12,21,0,1.747359991,0,0
2006,5,13,0,0,1.69017005,0,0
2006,5,13,3,0,1.727339983,0,0
2006,5,13,6,0,1.801390052,0,0
2006,5,13,9,0,1.838369966,0,0
2006,5,13,12,0,1.86808002,0,0
2006,5,13,15,0,1.806130052,0,0
2006,5,13,18,0,1.766289949,0,0
2006,5,13,21,0,1.769749999,0,0
2006,5,14,0,0,1.904450059,0,0
2006,5,14,3,0,2.041919947,0,1
2006,5,14,6,0,2.051029921,0,1
2006,5,14,9,0,1.84145999,0,0
2006,5,14,12,0,1.67276001,0,0
2006,5,14,15,0,1.591179967,0,0
2006,5,14,18,0,1.459300041,0,0
2006,5,14,21,0,1.367220044,0,0
2006,5,15,0,0,1.420560002,0,0
2006,5,15,3,0,1.500949979,0,0
2006,5,15,6,0,1.514260054,0,0
2006,5,15,9,0,1.459830046,0,0
2006,5,15,12,0,1.409980059,0,0
2006,5,15,15,0,1.406469941,0,0
2006,5,15,18,0,1.459789991,0,0
2006,5,15,21,0,1.423449993,0,0
2006,5,16,0,0,1.292459965,0,0
2006,5,16,3,0,1.201900005,0,0
2006,5,16,6,0,1.22871995,0,0
2006,5,16,9,0,1.362990022,0,0
2006,5,16,12,0,1.44678998,0,0
2006,5,16,15,0,1.467129946,0,0
2006,5,16,18,0,1.481979966,0,0
2006,5,16,21,0,1.454450011,0,0
2006,5,17,0,0,1.561939955,0,0
2006,5,17,3,0,1.94769001,0,0
2006,5,17,6,0,2.327470064,0,1
2006,5,17,9,0,2.327140093,0,1
2006,5,17,12,0,2.257349968,0,1
2006,5,17,15,0,2.421279907,0,1
2006,5,17,18,0,2.489939928,0,1
2006,5,17,21,0,2.527430058,0,1
2006,5,18,0,0,2.561840057,0,1
2006,5,18,3,0,2.571890116,0,1
2006,5,18,6,0,2.559289932,0,1
2006,5,18,9,0,2.363379955,0,1
2006,5,18,12,0,2.266870022,0,1
2006,5,18,15,0,2.204699993,0,1
2006,5,18,18,0,2.095720053,0,1
2006,5,18,21,0,2.052150011,0,1
2006,5,19,0,0,2.027090073,0,1
2006,5,19,3,0,1.942479968,0,0
2006,5,19,6,0,1.921229959,0,0
2006,5,19,9,0,1.846899986,0,0
2006,5,19,12,0,1.771420002,0,0
2006,5,19,15,0,1.612300038,0,0
2006,5,19,18,0,1.487229943,0,0
2006,5,19,21,0,1.387459993,0,0
2006,5,20,0,0,1.333690047,0,0
2006,5,20,3,0,1.314599991,0,0
2006,5,20,6,0,1.316599965,0,0
2006,5,20,9,0,1.333969951,0,0
2006,5,20,12,0,1.383929968,0,0
2006,5,20,15,0,1.455109954,0,0
2006,5,20,18,0,1.535740018,0,0
2006,5,20,21,0,1.59841001,0,0
2006,5,21,0,0,1.661749959,0,0
2006,5,21,3,0,1.722329974,0,0
2006,5,21,6,0,1.748090029,0,0
2006,5,21,9,0,1.714040041,0,0
2006,5,21,12,0,1.6602,0,0
2006,5,21,15,0,1.630370021,0,0
2006,5,21,18,0,1.60563004,0,0
2006,5,21,21,0,1.549790025,0,0
2006,5,22,0,0,1.495049953,0,0
2006,5,22,3,0,1.447829962,0,0
2006,5,22,6,0,1.594980001,0,0
2006,5,22,9,0,2.095530033,0,1
2006,5,22,12,0,2.323539972,0,1
2006,5,22,15,0,2.312730074,0,1
2006,5,22,18,0,2.413019896,0,1
2006,5,22,21,0,2.666130066,0,1
2006,5,23,0,0,3.174000025,1,1
2006,5,23,3,0,3.581130028,1,1
2006,5,23,6,0,3.549069881,1,1
2006,5,23,9,0,3.528870106,1,1
2006,5,23,12,0,3.552700043,1,1
2006,5,23,15,0,3.61996007,1,1
2006,5,23,18,0,3.594209909,1,1
2006,5,23,21,0,3.483030081,1,1
2006,5,24,0,0,3.470779896,1,1
2006,5,24,3,0,3.234189987,1,1
2006,5,24,6,0,3.013250113,1,1
2006,5,24,9,0,2.792759895,0,1
2006,5,24,12,0,2.645090103,0,1
2006,5,24,15,0,2.561269999,0,1
2006,5,24,18,0,2.513710022,0,1
2006,5,24,21,0,2.491780043,0,1
2006,5,25,0,0,2.538290024,0,1
2006,5,25,3,0,2.485029936,0,1
2006,5,25,6,0,2.328700066,0,1
2006,5,25,9,0,2.216069937,0,1
2006,5,25,12,0,2.11887002,0,1
2006,5,25,15,0,2.037240028,0,1
2006,5,25,18,0,1.985229969,0,0
2006,5,25,21,0,1.962389946,0,0
2006,5,26,0,0,1.92445004,0,0
2006,5,26,3,0,1.882670045,0,0
2006,5,26,6,0,1.83502996,0,0
2006,5,26,9,0,1.780599952,0,0
2006,5,26,12,0,1.752599955,0,0
2006,5,26,15,0,1.738190055,0,0
2006,5,26,18,0,1.76504004,0,0
2006,5,26,21,0,1.759799957,0,0
2006,5,27,0,0,1.735579967,0,0
2006,5,27,3,0,1.694360018,0,0
2006,5,27,6,0,1.674350023,0,0
2006,5,27,9,0,1.740309954,0,0
2006,5,27,12,0,1.960899949,0,0
2006,5,27,15,0,2.05133009,0,1
2006,5,27,18,0,2.051949978,0,1
2006,5,27,21,0,2.082530022,0,1
2006,5,28,0,0,2.094130039,0,1
2006,5,28,3,0,1.991379976,0,0
2006,5,28,6,0,1.913529992,0,0
2006,5,28,9,0,1.852959991,0,0
2006,5,28,12,0,1.818259954,0,0
2006,5,28,15,0,1.721289992,0,0
2006,5,28,18,0,1.643380046,0,0
2006,5,28,21,0,1.581660032,0,0
2006,5,29,0,0,1.51402998,0,0
2006,5,29,3,0,1.466969967,0,0
2006,5,29,6,0,1.417369962,0,0
2006,5,29,9,0,1.376960039,0,0
2006,5,29,12,0,1.347630024,0,0
2006,5,29,15,0,1.318259954,0,0
2006,5,29,18,0,1.287950039,0,0
2006,5,29,21,0,1.268970013,0,0
2006,5,30,0,0,1.24416995,0,0
2006,5,30,3,0,1.284999967,0,0
2006,5,30,6,0,1.338230014,0,0
2006,5,30,9,0,1.391669989,0,0
2006,5,30,12,0,1.478369951,0,0
2006,5,30,15,0,1.524909973,0,0
2006,5,30,18,0,1.54234004,0,0
2006,5,30,21,0,1.518790007,0,0
2006,5,31,0,0,1.490360022,0,0
2006,5,31,3,0,1.445269942,0,0
2006,5,31,6,0,1.403900027,0,0
2006,5,31,9,0,1.380630016,0,0
2006,5,31,12,0,1.371580005,0,0
2006,5,31,15,0,1.354380012,0,0
2006,5,31,18,0,1.354150057,0,0
2006,5,31,21,0,1.459149957,0,0
2006,6,1,0,0,1.850870013,0,0
2006,6,1,3,0,1.959529996,0,0
2006,6,1,6,0,1.967530012,0,0
2006,6,1,9,0,1.781010032,0,0
2006,6,1,12,0,1.639449954,0,0
2006,6,1,15,0,1.588960052,0,0
2006,6,1,18,0,1.605200052,0,0
2006,6,1,21,0,1.984689951,0,0
2006,6,2,0,0,2.066730022,0,1
2006,6,2,3,0,1.80053997,0,0
2006,6,2,6,0,1.700369954,0,0
2006,6,2,9,0,1.702209949,0,0
2006,6,2,12,0,1.669440031,0,0
2006,6,2,15,0,1.676640034,0,0
2006,6,2,18,0,1.650320053,0,0
2006,6,2,21,0,1.607439995,0,0
2006,6,3,0,0,1.637940049,0,0
2006,6,3,3,0,1.753000021,0,0
2006,6,3,6,0,1.935969949,0,0
2006,6,3,9,0,2.006939888,0,1
2006,6,3,12,0,1.98732996,0,0
2006,6,3,15,0,1.910680056,0,0
2006,6,3,18,0,1.830909967,0,0
2006,6,3,21,0,1.766890049,0,0
2006,6,4,0,0,1.722300053,0,0
2006,6,4,3,0,1.690879941,0,0
2006,6,4,6,0,1.663409948,0,0
2006,6,4,9,0,1.710950017,0,0
2006,6,4,12,0,1.682590008,0,0
2006,6,4,15,0,1.625059962,0,0
2006,6,4,18,0,1.563730001,0,0
2006,6,4,21,0,1.611919999,0,0
2006,6,5,0,0,1.641630054,0,0
2006,6,5,3,0,1.656859994,0,0
2006,6,5,6,0,1.68859005,0,0
2006,6,5,9,0,1.699020028,0,0
2006,6,5,12,0,1.692070007,0,0
2006,6,5,15,0,1.667459965,0,0
2006,6,5,18,0,1.637300014,0,0
2006,6,5,21,0,1.597599983,0,0
2006,6,6,0,0,1.597740054,0,0
2006,6,6,3,0,1.668050051,0,0
2006,6,6,6,0,1.717090011,0,0
2006,6,6,9,0,1.642940044,0,0
2006,6,6,12,0,1.569560051,0,0
2006,6,6,15,0,1.530320048,0,0
2006,6,6,18,0,1.526800036,0,0
2006,6,6,21,0,1.494179964,0,0
2006,6,7,0,0,1.545359969,0,0
2006,6,7,3,0,1.588700056,0,0
2006,6,7,6,0,1.636059999,0,0
2006,6,7,9,0,1.589529991,0,0
2006,6,7,12,0,1.544800043,0,0
2006,6,7,15,0,1.526430011,0,0
2006,6,7,18,0,1.600510001,0,0
2006,6,7,21,0,1.724599957,0,0
2006,6,8,0,0,1.902089953,0,0
2006,6,8,3,0,1.971639991,0,0
2006,6,8,6,0,2.073729992,0,1
2006,6,8,9,0,2.114180088,0,1
2006,6,8,12,0,2.16689992,0,1
2006,6,8,15,0,2.180599928,0,1
2006,6,8,18,0,2.065999985,0,1
2006,6,8,21,0,1.945899963,0,0
2006,6,9,0,0,1.990090013,0,0
2006,6,9,3,0,1.944120049,0,0
2006,6,9,6,0,1.875,0,0
2006,6,9,9,0,1.686239958,0,0
2006,6,9,12,0,1.584579945,0,0
2006,6,9,15,0,1.525550008,0,0
2006,6,9,18,0,1.500540018,0,0
2006,6,9,21,0,1.489109993,0,0
2006,6,10,0,0,1.444650054,0,0
2006,6,10,3,0,1.346889973,0,0
2006,6,10,6,0,1.244050026,0,0
2006,6,10,9,0,1.171329975,0,0
2006,6,10,12,0,1.157420039,0,0
2006,6,10,15,0,1.181910038,0,0
2006,6,10,18,0,1.230659962,0,0
2006,6,10,21,0,1.301589966,0,0
2006,6,11,0,0,1.411319971,0,0
2006,6,11,3,0,1.519880056,0,0
2006,6,11,6,0,1.585909963,0,0
2006,6,11,9,0,1.642609954,0,0
2006,6,11,12,0,1.708279967,0,0
2006,6,11,15,0,1.730280042,0,0
2006,6,11,18,0,1.803159952,0,0
2006,6,11,21,0,1.784430027,0,0
2006,6,12,0,0,1.771450043,0,0
2006,6,12,3,0,1.863669991,0,0
2006,6,12,6,0,1.842319965,0,0
2006,6,12,9,0,1.73822999,0,0
2006,6,12,12,0,1.698300004,0,0
2006,6,12,15,0,1.679340005,0,0
2006,6,12,18,0,1.667109966,0,0
2006,6,12,21,0,1.655449986,0,0
2006,6,13,0,0,1.649919987,0,0
2006,6,13,3,0,1.734220028,0,0
2006,6,13,6,0,1.767120004,0,0
2006,6,13,9,0,1.87322998,0,0
2006,6,13,12,0,1.898970008,0,0
2006,6,13,15,0,1.891639948,0,0
2006,6,13,18,0,1.936560035,0,0
2006,6,13,21,0,1.977349997,0,0
2006,6,14,0,0,2.000349998,0,1
2006,6,14,3,0,2.059380054,0,1
2006,6,14,6,0,2.072779894,0,1
2006,6,14,9,0,2.053950071,0,1
2006,6,14,12,0,2.0271101,0,1
2006,6,14,15,0,2.06449008,0,1
2006,6,14,18,0,2.144320011,0,1
2006,6,14,21,0,2.123579979,0,1
2006,6,15,0,0,2.01157999,0,1
2006,6,15,3,0,1.910269976,0,0
2006,6,15,6,0,1.813199997,0,0
2006,6,15,9,0,1.697329998,0,0
2006,6,15,12,0,1.62037003,0,0
2006,6,15,15,0,1.64933002,0,0
2006,6,15,18,0,1.78708005,0,0
2006,6,15,21,0,1.942370057,0,0
2006,6,16,0,0,2.166990042,0,1
2006,6,16,3,0,2.314820051,0,1
2006,6,16,6,0,2.348439932,0,1
2006,6,16,9,0,2.32949996,0,1
2006,6,16,12,0,2.312109947,0,1
2006,6,16,15,0,2.309809923,0,1
2006,6,16,18,0,2.326159954,0,1
2006,6,16,21,0,2.376760006,0,1
2006,6,17,0,0,2.408469915,0,1
2006,6,17,3,0,2.447659969,0,1
2006,6,17,6,0,2.444540024,0,1
2006,6,17,9,0,2.445529938,0,1
2006,6,17,12,0,2.457730055,0,1
2006,6,17,15,0,2.49503994,0,1
2006,6,17,18,0,2.52925992,0,1
2006,6,17,21,0,2.53057003,0,1
2006,6,18,0,0,2.500129938,0,1
2006,6,18,3,0,2.451699972,0,1
2006,6,18,6,0,2.405859947,0,1
2006,6,18,9,0,2.365459919,0,1
2006,6,18,12,0,2.336489916,0,1
2006,6,18,15,0,2.333830118,0,1
2006,6,18,18,0,2.365730047,0,1
2006,6,18,21,0,2.326550007,0,1
2006,6,19,0,0,2.302910089,0,1
2006,6,19,3,0,2.40651989,0,1
2006,6,19,6,0,2.488820076,0,1
2006,6,19,9,0,2.556390047,0,1
2006,6,19,12,0,2.51451993,0,1
2006,6,19,15,0,2.45600009,0,1
2006,6,19,18,0,2.352880001,0,1
2006,6,19,21,0,2.255130053,0,1
2006,6,20,0,0,2.150460005,0,1
2006,6,20,3,0,2.086950064,0,1
2006,6,20,6,0,2.222569942,0,1
2006,6,20,9,0,2.263250113,0,1
2006,6,20,12,0,2.284430027,0,1
2006,6,20,15,0,2.137239933,0,1
2006,6,20,18,0,2.006109953,0,1
2006,6,20,21,0,1.965499997,0,0
2006,6,21,0,0,2.006680012,0,1
2006,6,21,3,0,2.077860117,0,1
2006,6,21,6,0,2.087990046,0,1
2006,6,21,9,0,1.86619997,0,0
2006,6,21,12,0,1.683390021,0,0
2006,6,21,15,0,1.605309963,0,0
2006,6,21,18,0,1.539010048,0,0
2006,6,21,21,0,1.531229973,0,0
2006,6,22,0,0,1.576259971,0,0
2006,6,22,3,0,1.63665998,0,0
2006,6,22,6,0,1.766759992,0,0
2006,6,22,9,0,1.701009989,0,0
2006,6,22,12,0,1.621279955,0,0
2006,6,22,15,0,1.495830059,0,0
2006,6,22,18,0,1.430999994,0,0
2006,6,22,21,0,1.41129005,0,0
2006,6,23,0,0,1.437540054,0,0
2006,6,23,3,0,1.468680024,0,0
2006,6,23,6,0,1.571120024,0,0
2006,6,23,9,0,1.630149961,0,0
2006,6,23,12,0,1.618950009,0,0
2006,6,23,15,0,1.571359992,0,0
2006,6,23,18,0,1.490180016,0,0
2006,6,23,21,0,1.46194005,0,0
2006,6,24,0,0,1.65079999,0,0
2006,6,24,3,0,1.924530029,0,0
2006,6,24,6,0,2.106529951,0,1
2006,6,24,9,0,2.117939949,0,1
2006,6,24,12,0,1.970589995,0,0
2006,6,24,15,0,1.751870036,0,0
2006,6,24,18,0,1.719889998,0,0
2006,6,24,21,0,1.719630003,0,0
2006,6,25,0,0,2.036720037,0,1
2006,6,25,3,0,2.306799889,0,1
2006,6,25,6,0,2.38883996,0,1
2006,6,25,9,0,2.143620014,0,1
2006,6,25,12,0,1.976259947,0,0
2006,6,25,15,0,1.934399962,0,0
2006,6,25,18,0,2.010469913,0,1
2006,6,25,21,0,2.150520086,0,1
2006,6,26,0,0,2.370389938,0,1
2006,6,26,3,0,2.630160093,0,1
2006,6,26,6,0,2.756999969,0,1
2006,6,26,9,0,2.591670036,0,1
2006,6,26,12,0,2.522809982,0,1
2006,6,26,15,0,2.522929907,0,1
2006,6,26,18,0,2.590189934,0,1
2006,6,26,21,0,2.650759935,0,1
2006,6,27,0,0,2.974070072,0,1
2006,6,27,3,0,3.131210089,1,1
2006,6,27,6,0,3.242150068,1,1
2006,6,27,9,0,3.293819904,1,1
2006,6,27,12,0,3.667459965,1,1
2006,6,27,15,0,3.47013998,1,1
2006,6,27,18,0,3.213340044,1,1
2006,6,27,21,0,2.885799885,0,1
2006,6,28,0,0,2.838190079,0,1
2006,6,28,3,0,2.864530087,0,1
2006,6,28,6,0,2.835479975,0,1
2006,6,28,9,0,2.693720102,0,1
2006,6,28,12,0,2.651129961,0,1
2006,6,28,15,0,2.511610031,0,1
2006,6,28,18,0,2.323879957,0,1
2006,6,28,21,0,2.098259926,0,1
2006,6,29,0,0,2.110039949,0,1
2006,6,29,3,0,2.241480112,0,1
2006,6,29,6,0,2.397459984,0,1
2006,6,29,9,0,2.233330011,0,1
2006,6,29,12,0,2.025850058,0,1
2006,6,29,15,0,1.926570058,0,0
2006,6,29,18,0,1.834509969,0,0
2006,6,29,21,0,1.722949982,0,0
2006,6,30,0,0,1.627570033,0,0
2006,6,30,3,0,1.567289948,0,0
2006,6,30,6,0,1.504449964,0,0
2006,6,30,9,0,1.445080042,0,0
2006,6,30,12,0,1.447970033,0,0
2006,6,30,15,0,1.483459949,0,0
2006,6,30,18,0,1.51978004,0,0
2006,6,30,21,0,1.526690006,0,0
2006,7,1,0,0,1.58841002,0,0
2006,7,1,3,0,1.727270007,0,0
2006,7,1,6,0,1.757230043,0,0
2006,7,1,9,0,1.730460048,0,0
2006,7,1,12,0,1.65072,0,0
2006,7,1,15,0,1.586699963,0,0
2006,7,1,18,0,1.575839996,0,0
2006,7,1,21,0,1.511909962,0,0
2006,7,2,0,0,1.626299977,0,0
2006,7,2,3,0,1.74514997,0,0
2006,7,2,6,0,1.779399991,0,0
2006,7,2,9,0,1.79234004,0,0
2006,7,2,12,0,1.77402997,0,0
2006,7,2,15,0,1.685250044,0,0
2006,7,2,18,0,1.619429946,0,0
2006,7,2,21,0,1.518470049,0,0
2006,7,3,0,0,1.535949945,0,0
2006,7,3,3,0,1.581920028,0,0
2006,7,3,6,0,1.488639951,0,0
2006,7,3,9,0,1.399880052,0,0
2006,7,3,12,0,1.35413003,0,0
2006,7,3,15,0,1.307569981,0,0
2006,7,3,18,0,1.277760029,0,0
2006,7,3,21,0,1.245040059,0,0
2006,7,4,0,0,1.23029995,0,0
2006,7,4,3,0,1.405060053,0,0
2006,7,4,6,0,1.507570028,0,0
2006,7,4,9,0,1.481529951,0,0
2006,7,4,12,0,1.465680003,0,0
2006,7,4,15,0,1.438490033,0,0
2006,7,4,18,0,1.37401998,0,0
2006,7,4,21,0,1.285060048,0,0
2006,7,5,0,0,1.252979994,0,0
2006,7,5,3,0,1.228010058,0,0
2006,7,5,6,0,1.296800017,0,0
2006,7,5,9,0,1.291319966,0,0
2006,7,5,12,0,1.278560042,0,0
2006,7,5,15,0,1.264070034,0,0
2006,7,5,18,0,1.221709967,0,0
2006,7,5,21,0,1.168449998,0,0
2006,7,6,0,0,1.118989944,0,0
2006,7,6,3,0,1.070539951,0,0
2006,7,6,6,0,1.034150004,0,0
2006,7,6,9,0,1.004619956,0,0
2006,7,6,12,0,0.999639988,0,0
2006,7,6,15,0,0.999570012,0,0
2006,7,6,18,0,1.006649971,0,0
2006,7,6,21,0,0.993499994,0,0
2006,7,7,0,0,0.987569988,0,0
2006,7,7,3,0,0.957719982,0,0
2006,7,7,6,0,0.926880002,0,0
2006,7,7,9,0,0.890089989,0,0
2006,7,7,12,0,0.853850007,0,0
2006,7,7,15,0,0.822910011,0,0
2006,7,7,18,0,0.799530029,0,0
2006,7,7,21,0,0.782580018,0,0
2006,7,8,0,0,0.76819998,0,0
2006,7,8,3,0,0.767700016,0,0
2006,7,8,6,0,0.846840024,0,0
2006,7,8,9,0,1.032559991,0,0
2006,7,8,12,0,1.424090028,0,0
2006,7,8,15,0,1.773689985,0,0
2006,7,8,18,0,1.876009941,0,0
2006,7,8,21,0,1.890470028,0,0
2006,7,9,0,0,1.867269993,0,0
2006,7,9,3,0,1.809430003,0,0
2006,7,9,6,0,1.750450015,0,0
2006,7,9,9,0,1.688060045,0,0
2006,7,9,12,0,1.690670013,0,0
2006,7,9,15,0,1.625929952,0,0
2006,7,9,18,0,1.599060059,0,0
2006,7,9,21,0,1.578699946,0,0
2006,7,10,0,0,1.590119958,0,0
2006,7,10,3,0,1.636999965,0,0
2006,7,10,6,0,1.684720039,0,0
2006,7,10,9,0,1.663220048,0,0
2006,7,10,12,0,1.665580034,0,0
2006,7,10,15,0,1.680649996,0,0
2006,7,10,18,0,1.695309997,0,0
2006,7,10,21,0,1.662619948,0,0
2006,7,11,0,0,1.623200059,0,0
2006,7,11,3,0,1.553509951,0,0
2006,7,11,6,0,1.475870013,0,0
2006,7,11,9,0,1.396370053,0,0
2006,7,11,12,0,1.333179951,0,0
2006,7,11,15,0,1.280509949,0,0
2006,7,11,18,0,1.234730005,0,0
2006,7,11,21,0,1.19254005,0,0
2006,7,12,0,0,1.192659974,0,0
2006,7,12,3,0,1.289600015,0,0
2006,7,12,6,0,1.678670049,0,0
2006,7,12,9,0,1.886500001,0,0
2006,7,12,12,0,2.021480083,0,1
2006,7,12,15,0,1.886199951,0,0
2006,7,12,18,0,1.861330032,0,0
2006,7,12,21,0,1.926460028,0,0
2006,7,13,0,0,1.977049947,0,0
2006,7,13,3,0,1.989099979,0,0
2006,7,13,6,0,1.977789998,0,0
2006,7,13,9,0,1.966969967,0,0
2006,7,13,12,0,1.975149989,0,0
2006,7,13,15,0,1.984200001,0,0
2006,7,13,18,0,1.983340025,0,0
2006,7,13,21,0,1.972239971,0,0
2006,7,14,0,0,1.998800039,0,0
2006,7,14,3,0,2.055989981,0,1
2006,7,14,6,0,2.111809969,0,1
2006,7,14,9,0,2.12300992,0,1
2006,7,14,12,0,2.099930048,0,1
2006,7,14,15,0,2.060369968,0,1
2006,7,14,18,0,2.022069931,0,1
2006,7,14,21,0,1.988690019,0,0
2006,7,15,0,0,1.934939981,0,0
2006,7,15,3,0,1.880489945,0,0
2006,7,15,6,0,1.926949978,0,0
2006,7,15,9,0,1.937639952,0,0
2006,7,15,12,0,1.885990024,0,0
2006,7,15,15,0,1.840360045,0,0
2006,7,15,18,0,1.794530034,0,0
2006,7,15,21,0,1.770609975,0,0
2006,7,16,0,0,1.768829942,0,0
2006,7,16,3,0,1.793370008,0,0
2006,7,16,6,0,1.887439966,0,0
2006,7,16,9,0,1.992259979,0,0
2006,7,16,12,0,1.999310017,0,0
2006,7,16,15,0,1.937409997,0,0
2006,7,16,18,0,1.828150034,0,0
2006,7,16,21,0,1.760619998,0,0
2006,7,17,0,0,1.861580014,0,0
2006,7,17,3,0,1.976729989,0,0
2006,7,17,6,0,2.030879974,0,1
2006,7,17,9,0,1.833410025,0,0
2006,7,17,12,0,1.711249948,0,0
2006,7,17,15,0,1.60608995,0,0
2006,7,17,18,0,1.490219951,0,0
2006,7,17,21,0,1.434900045,0,0
2006,7,18,0,0,1.485120058,0,0
2006,7,18,3,0,1.579110026,0,0
2006,7,18,6,0,1.713879943,0,0
2006,7,18,9,0,1.632959962,0,0
2006,7,18,12,0,1.545920014,0,0
2006,7,18,15,0,1.434949994,0,0
2006,7,18,18,0,1.369539976,0,0
2006,7,18,21,0,1.300570011,0,0
2006,7,19,0,0,1.299200058,0,0
2006,7,19,3,0,1.260619998,0,0
2006,7,19,6,0,1.241930008,0,0
2006,7,19,9,0,1.211730003,0,0
2006,7,19,12,0,1.143290043,0,0
2006,7,19,15,0,1.06772995,0,0
2006,7,19,18,0,1.01699996,0,0
2006,7,19,21,0,0.97438997,0,0
2006,7,20,0,0,0.941110015,0,0
2006,7,20,3,0,0.928240001,0,0
2006,7,20,6,0,0.94216001,0,0
2006,7,20,9,0,1.009420037,0,0
2006,7,20,12,0,1.102880001,0,0
2006,7,20,15,0,1.241369963,0,0
2006,7,20,18,0,1.39854002,0,0
2006,7,20,21,0,1.636299968,0,0
2006,7,21,0,0,1.860730052,0,0
2006,7,21,3,0,2.04192996,0,1
2006,7,21,6,0,2.255800009,0,1
2006,7,21,9,0,2.238110065,0,1
2006,7,21,12,0,2.116029978,0,1
2006,7,21,15,0,1.995669961,0,0
2006,7,21,18,0,1.874009967,0,0
2006,7,21,21,0,1.847200036,0,0
2006,7,22,0,0,1.945940018,0,0
2006,7,22,3,0,2.054100037,0,1
2006,7,22,6,0,2.141220093,0,1
2006,7,22,9,0,2.144299984,0,1
2006,7,22,12,0,2.177160025,0,1
2006,7,22,15,0,2.274260044,0,1
2006,7,22,18,0,2.353250027,0,1
2006,7,22,21,0,2.312959909,0,1
2006,7,23,0,0,2.324219942,0,1
2006,7,23,3,0,2.315439939,0,1
2006,7,23,6,0,2.483760118,0,1
2006,7,23,9,0,2.599020004,0,1
2006,7,23,12,0,2.761800051,0,1
2006,7,23,15,0,2.664690018,0,1
2006,7,23,18,0,2.577780008,0,1
2006,7,23,21,0,2.428070068,0,1
2006,7,24,0,0,2.488320112,0,1
2006,7,24,3,0,2.653539896,0,1
2006,7,24,6,0,2.878520012,0,1
2006,7,24,9,0,3.096930027,1,1
2006,7,24,12,0,3.260270119,1,1
2006,7,24,15,0,3.068619967,1,1
2006,7,24,18,0,2.937150002,0,1
2006,7,24,21,0,2.772609949,0,1
2006,7,25,0,0,2.776499987,0,1
2006,7,25,3,0,2.711159945,0,1
2006,7,25,6,0,2.620520115,0,1
2006,7,25,9,0,2.314340115,0,1
2006,7,25,12,0,2.203360081,0,1
2006,7,25,15,0,1.971019983,0,0
2006,7,25,18,0,1.693729997,0,0
2006,7,25,21,0,1.505130053,0,0
2006,7,26,0,0,1.450270057,0,0
2006,7,26,3,0,1.509760022,0,0
2006,7,26,6,0,1.681380033,0,0
2006,7,26,9,0,1.851490021,0,0
2006,7,26,12,0,1.965829968,0,0
2006,7,26,15,0,2.077600002,0,1
2006,7,26,18,0,2.150719881,0,1
2006,7,26,21,0,2.133500099,0,1
2006,7,27,0,0,2.294059992,0,1
2006,7,27,3,0,2.377530098,0,1
2006,7,27,6,0,2.485830069,0,1
2006,7,27,9,0,2.492569923,0,1
2006,7,27,12,0,2.584150076,0,1
2006,7,27,15,0,2.558320045,0,1
2006,7,27,18,0,2.567830086,0,1
2006,7,27,21,0,2.335469961,0,1
2006,7,28,0,0,2.387949944,0,1
2006,7,28,3,0,2.4519701,0,1
2006,7,28,6,0,2.523780107,0,1
2006,7,28,9,0,2.517770052,0,1
2006,7,28,12,0,2.502389908,0,1
2006,7,28,15,0,2.395169973,0,1
2006,7,28,18,0,2.352339983,0,1
2006,7,28,21,0,2.238209963,0,1
2006,7,29,0,0,2.104850054,0,1
2006,7,29,3,0,2.003690004,0,1
2006,7,29,6,0,1.922590017,0,0
2006,7,29,9,0,1.815389991,0,0
2006,7,29,12,0,1.726670027,0,0
2006,7,29,15,0,1.65278995,0,0
2006,7,29,18,0,1.580500007,0,0
2006,7,29,21,0,1.509570003,0,0
2006,7,30,0,0,1.448770046,0,0
2006,7,30,3,0,1.403540015,0,0
2006,7,30,6,0,1.381450057,0,0
2006,7,30,9,0,1.358369946,0,0
2006,7,30,12,0,1.367280006,0,0
2006,7,30,15,0,1.372400045,0,0
2006,7,30,18,0,1.369429946,0,0
2006,7,30,21,0,1.374519944,0,0
2006,7,31,0,0,1.390480042,0,0
2006,7,31,3,0,1.408499956,0,0
2006,7,31,6,0,1.427440047,0,0
2006,7,31,9,0,1.442489982,0,0
2006,7,31,12,0,1.455090046,0,0
2006,7,31,15,0,1.477409959,0,0
2006,7,31,18,0,1.499259949,0,0
2006,7,31,21,0,1.556450009,0,0
2006,8,1,0,0,1.747869968,0,0
2006,8,1,3,0,1.922809958,0,0
2006,8,1,6,0,1.988890052,0,0
2006,8,1,9,0,1.778110027,0,0
2006,8,1,12,0,1.632760048,0,0
2006,8,1,15,0,1.54531002,0,0
2006,8,1,18,0,1.495700002,0,0
2006,8,1,21,0,1.470379949,0,0
2006,8,2,0,0,1.456760049,0,0
2006,8,2,3,0,1.452399969,0,0
2006,8,2,6,0,1.461809993,0,0
2006,8,2,9,0,1.489150047,0,0
2006,8,2,12,0,1.526299953,0,0
2006,8,2,15,0,1.564859986,0,0
2006,8,2,18,0,1.604750037,0,0
2006,8,2,21,0,1.661509991,0,0
2006,8,3,0,0,1.922860026,0,0
2006,8,3,3,0,2.197419882,0,1
2006,8,3,6,0,2.458039999,0,1
2006,8,3,9,0,2.567199945,0,1
2006,8,3,12,0,2.692219973,0,1
2006,8,3,15,0,2.840759993,0,1
2006,8,3,18,0,2.914289951,0,1
2006,8,3,21,0,2.879990101,0,1
2006,8,4,0,0,2.980340004,0,1
2006,8,4,3,0,2.956389904,0,1
2006,8,4,6,0,3.072819948,1,1
2006,8,4,9,0,2.913009882,0,1
2006,8,4,12,0,2.939199924,0,1
2006,8,4,15,0,2.899859905,0,1
2006,8,4,18,0,2.755709887,0,1
2006,8,4,21,0,2.472579956,0,1
2006,8,5,0,0,2.304359913,0,1
2006,8,5,3,0,2.183109999,0,1
2006,8,5,6,0,2.186229944,0,1
2006,8,5,9,0,2.07111001,0,1
2006,8,5,12,0,2.002300024,0,1
2006,8,5,15,0,1.9648,0,0
2006,8,5,18,0,1.937000036,0,0
2006,8,5,21,0,1.898519993,0,0
2006,8,6,0,0,2.037209988,0,1
2006,8,6,3,0,2.198570013,0,1
2006,8,6,6,0,2.379489899,0,1
2006,8,6,9,0,2.400769949,0,1
2006,8,6,12,0,2.361540079,0,1
2006,8,6,15,0,2.311810017,0,1
2006,8,6,18,0,2.300590038,0,1
2006,8,6,21,0,2.311369896,0,1
2006,8,7,0,0,2.391849995,0,1
2006,8,7,3,0,2.335890055,0,1
2006,8,7,6,0,2.244800091,0,1
2006,8,7,9,0,2.077320099,0,1
2006,8,7,12,0,1.952090025,0,0
2006,8,7,15,0,1.841429949,0,0
2006,8,7,18,0,1.747969985,0,0
2006,8,7,21,0,1.679780006,0,0
2006,8,8,0,0,1.626009941,0,0
2006,8,8,3,0,1.579540014,0,0
2006,8,8,6,0,1.536129951,0,0
2006,8,8,9,0,1.506389976,0,0
2006,8,8,12,0,1.525239944,0,0
2006,8,8,15,0,1.662670016,0,0
2006,8,8,18,0,1.833510041,0,0
2006,8,8,21,0,1.838639975,0,0
2006,8,9,0,0,1.833340049,0,0
2006,8,9,3,0,1.717689991,0,0
2006,8,9,6,0,1.624830008,0,0
2006,8,9,9,0,1.564460039,0,0
2006,8,9,12,0,1.564739943,0,0
2006,8,9,15,0,1.670120001,0,0
2006,8,9,18,0,1.696040034,0,0
2006,8,9,21,0,1.599220037,0,0
2006,8,10,0,0,1.529520035,0,0
2006,8,10,3,0,1.570940018,0,0
2006,8,10,6,0,1.691679955,0,0
2006,8,10,9,0,1.856870055,0,0
2006,8,10,12,0,1.795369983,0,0
2006,8,10,15,0,1.725769997,0,0
2006,8,10,18,0,1.916640043,0,0
2006,8,10,21,0,2.054650068,0,1
2006,8,11,0,0,2.069700003,0,1
2006,8,11,3,0,2.048589945,0,1
2006,8,11,6,0,2.175519943,0,1
2006,8,11,9,0,1.982949972,0,0
2006,8,11,12,0,1.830770016,0,0
2006,8,11,15,0,1.688359976,0,0
2006,8,11,18,0,1.537039995,0,0
2006,8,11,21,0,1.390990019,0,0
2006,8,12,0,0,1.378749967,0,0
2006,8,12,3,0,1.382449985,0,0
2006,8,12,6,0,1.440889955,0,0
2006,8,12,9,0,1.341060042,0,0
2006,8,12,12,0,1.302279949,0,0
2006,8,12,15,0,1.276890039,0,0
2006,8,12,18,0,1.215340018,0,0
2006,8,12,21,0,1.174399972,0,0
2006,8,13,0,0,1.388700008,0,0
2006,8,13,3,0,1.555549979,0,0
2006,8,13,6,0,1.695230007,0,0
2006,8,13,9,0,1.635589957,0,0
2006,8,13,12,0,1.618690014,0,0
2006,8,13,15,0,1.687100053,0,0
2006,8,13,18,0,1.757339954,0,0
2006,8,13,21,0,1.803069949,0,0
2006,8,14,0,0,1.996510029,0,0
2006,8,14,3,0,2.154999971,0,1
2006,8,14,6,0,2.3775599,0,1
2006,8,14,9,0,2.401799917,0,1
2006,8,14,12,0,2.455430031,0,1
2006,8,14,15,0,2.509649992,0,1
2006,8,14,18,0,2.541399956,0,1
2006,8,14,21,0,2.424139977,0,1
2006,8,15,0,0,2.423199892,0,1
2006,8,15,3,0,2.38409996,0,1
2006,8,15,6,0,2.408190012,0,1
2006,8,15,9,0,2.219300032,0,1
2006,8,15,12,0,2.229939938,0,1
2006,8,15,15,0,2.201989889,0,1
2006,8,15,18,0,2.121249914,0,1
2006,8,15,21,0,1.975690007,0,0
2006,8,16,0,0,1.845950007,0,0
2006,8,16,3,0,1.789010048,0,0
2006,8,16,6,0,1.84920001,0,0
2006,8,16,9,0,1.838909984,0,0
2006,8,16,12,0,1.818940043,0,0
2006,8,16,15,0,1.86469996,0,0
2006,8,16,18,0,1.885570049,0,0
2006,8,16,21,0,1.80843997,0,0
2006,8,17,0,0,1.697399974,0,0
2006,8,17,3,0,1.61074996,0,0
2006,8,17,6,0,1.609189987,0,0
2006,8,17,9,0,1.602679968,0,0
2006,8,17,12,0,1.609269977,0,0
2006,8,17,15,0,1.554450035,0,0
2006,8,17,18,0,1.478919983,0,0
2006,8,17,21,0,1.379680037,0,0
2006,8,18,0,0,1.287739992,0,0
2006,8,18,3,0,1.286610007,0,0
2006,8,18,6,0,1.372089982,0,0
2006,8,18,9,0,1.392920017,0,0
2006,8,18,12,0,1.45562005,0,0
2006,8,18,15,0,1.632769942,0,0
2006,8,18,18,0,1.746230006,0,0
2006,8,18,21,0,1.853850007,0,0
2006,8,19,0,0,2.08397007,0,1
2006,8,19,3,0,2.311369896,0,1
2006,8,19,6,0,2.520190001,0,1
2006,8,19,9,0,2.537549973,0,1
2006,8,19,12,0,2.657049894,0,1
2006,8,19,15,0,2.734200001,0,1
2006,8,19,18,0,2.590869904,0,1
2006,8,19,21,0,2.308350086,0,1
2006,8,20,0,0,2.173239946,0,1
2006,8,20,3,0,2.095279932,0,1
2006,8,20,6,0,2.059429884,0,1
2006,8,20,9,0,1.926830053,0,0
2006,8,20,12,0,1.795300007,0,0
2006,8,20,15,0,1.643360019,0,0
2006,8,20,18,0,1.52165997,0,0
2006,8,20,21,0,1.429890037,0,0
2006,8,21,0,0,1.37748003,0,0
2006,8,21,3,0,1.342200041,0,0
2006,8,21,6,0,1.304299951,0,0
2006,8,21,9,0,1.270179987,0,0
2006,8,21,12,0,1.228109956,0,0
2006,8,21,15,0,1.197149992,0,0
2006,8,21,18,0,1.189509988,0,0
2006,8,21,21,0,1.228889942,0,0
2006,8,22,0,0,1.31724,0,0
2006,8,22,3,0,1.375839949,0,0
2006,8,22,6,0,1.514529943,0,0
2006,8,22,9,0,1.624650002,0,0
2006,8,22,12,0,1.705860019,0,0
2006,8,22,15,0,1.773820043,0,0
2006,8,22,18,0,1.719300032,0,0
2006,8,22,21,0,1.580950022,0,0
2006,8,23,0,0,1.417880058,0,0
2006,8,23,3,0,1.272670031,0,0
2006,8,23,6,0,1.160680056,0,0
2006,8,23,9,0,1.11856997,0,0
2006,8,23,12,0,1.158460021,0,0
2006,8,23,15,0,1.217949986,0,0
2006,8,23,18,0,1.282950044,0,0
2006,8,23,21,0,1.327119946,0,0
2006,8,24,0,0,1.339179993,0,0
2006,8,24,3,0,1.317139983,0,0
2006,8,24,6,0,1.276280046,0,0
2006,8,24,9,0,1.226119995,0,0
2006,8,24,12,0,1.183940053,0,0
2006,8,24,15,0,1.19520998,0,0
2006,8,24,18,0,1.27421999,0,0
2006,8,24,21,0,1.348629951,0,0
2006,8,25,0,0,1.472360015,0,0
2006,8,25,3,0,1.55381,0,0
2006,8,25,6,0,1.680940032,0,0
2006,8,25,9,0,1.678789973,0,0
2006,8,25,12,0,1.668830037,0,0
2006,8,25,15,0,1.682780027,0,0
2006,8,25,18,0,1.727620006,0,0
2006,8,25,21,0,1.721349955,0,0
2006,8,26,0,0,1.840530038,0,0
2006,8,26,3,0,1.932129979,0,0
2006,8,26,6,0,2.049139977,0,1
2006,8,26,9,0,2.010370016,0,1
2006,8,26,12,0,2.031879902,0,1
2006,8,26,15,0,1.972949982,0,0
2006,8,26,18,0,2.037919998,0,1
2006,8,26,21,0,2.105999947,0,1
2006,8,27,0,0,2.374609947,0,1
2006,8,27,3,0,2.544470072,0,1
2006,8,27,6,0,2.672600031,0,1
2006,8,27,9,0,2.694210052,0,1
2006,8,27,12,0,2.628319979,0,1
2006,8,27,15,0,2.463799953,0,1
2006,8,27,18,0,2.336210012,0,1
2006,8,27,21,0,2.159399986,0,1
2006,8,28,0,0,2.059109926,0,1
2006,8,28,3,0,2.041800022,0,1
2006,8,28,6,0,2.071280003,0,1
2006,8,28,9,0,2.065700054,0,1
2006,8,28,12,0,2.099420071,0,1
2006,8,28,15,0,2.115329981,0,1
2006,8,28,18,0,2.109280109,0,1
2006,8,28,21,0,2.00593996,0,1
2006,8,29,0,0,1.94216001,0,0
2006,8,29,3,0,1.835090041,0,0
2006,8,29,6,0,1.850139976,0,0
2006,8,29,9,0,1.756279945,0,0
2006,8,29,12,0,1.707780004,0,0
2006,8,29,15,0,1.672629952,0,0
2006,8,29,18,0,1.640660048,0,0
2006,8,29,21,0,1.585729957,0,0
2006,8,30,0,0,1.547289968,0,0
2006,8,30,3,0,1.538149953,0,0
2006,8,30,6,0,1.663499951,0,0
2006,8,30,9,0,1.707069993,0,0
2006,8,30,12,0,1.730509996,0,0
2006,8,30,15,0,1.723610044,0,0
2006,8,30,18,0,1.69848001,0,0
2006,8,30,21,0,1.66952002,0,0
2006,8,31,0,0,1.646819949,0,0
2006,8,31,3,0,1.616569996,0,0
2006,8,31,6,0,1.574020028,0,0
2006,8,31,9,0,1.538089991,0,0
2006,8,31,12,0,1.49406004,0,0
2006,8,31,15,0,1.535359979,0,0
2006,8,31,18,0,1.507349968,0,0
2006,8,31,21,0,1.482190013,0,0
2006,9,1,0,0,1.686010003,0,0
2006,9,1,3,0,1.810260057,0,0
2006,9,1,6,0,1.89210999,0,0
2006,9,1,9,0,1.802649975,0,0
2006,9,1,12,0,1.551509976,0,0
2006,9,1,15,0,1.388579965,0,0
2006,9,1,18,0,1.257689953,0,0
2006,9,1,21,0,1.206670046,0,0
2006,9,2,0,0,1.453940034,0,0
2006,9,2,3,0,1.689049959,0,0
2006,9,2,6,0,1.783079982,0,0
2006,9,2,9,0,1.788789988,0,0
2006,9,2,12,0,1.759649992,0,0
2006,9,2,15,0,1.743160009,0,0
2006,9,2,18,0,1.748149991,0,0
2006,9,2,21,0,1.731969953,0,0
2006,9,3,0,0,1.81099999,0,0
2006,9,3,3,0,1.844040036,0,0
2006,9,3,6,0,1.879340053,0,0
2006,9,3,9,0,1.831609964,0,0
2006,9,3,12,0,1.759349942,0,0
2006,9,3,15,0,1.639420033,0,0
2006,9,3,18,0,1.538529992,0,0
2006,9,3,21,0,1.446840048,0,0
2006,9,4,0,0,1.429299951,0,0
2006,9,4,3,0,1.405879974,0,0
2006,9,4,6,0,1.440889955,0,0
2006,9,4,9,0,1.408529997,0,0
2006,9,4,12,0,1.373289943,0,0
2006,9,4,15,0,1.358850002,0,0
2006,9,4,18,0,1.326480031,0,0
2006,9,4,21,0,1.313949943,0,0
2006,9,5,0,0,1.392779946,0,0
2006,9,5,3,0,1.539100051,0,0
2006,9,5,6,0,1.66218996,0,0
2006,9,5,9,0,1.625399947,0,0
2006,9,5,12,0,1.581230044,0,0
2006,9,5,15,0,1.591289997,0,0
2006,9,5,18,0,1.585839987,0,0
2006,9,5,21,0,1.544239998,0,0
2006,9,6,0,0,1.725059986,0,0
2006,9,6,3,0,1.882320046,0,0
2006,9,6,6,0,1.989089966,0,0
2006,9,6,9,0,1.771129966,0,0
2006,9,6,12,0,1.790510058,0,0
2006,9,6,15,0,1.789319992,0,0
2006,9,6,18,0,1.79121995,0,0
2006,9,6,21,0,1.698189974,0,0
2006,9,7,0,0,1.731019974,0,0
2006,9,7,3,0,1.755970001,0,0
2006,9,7,6,0,1.835309982,0,0
2006,9,7,9,0,1.778380036,0,0
2006,9,7,12,0,1.822780013,0,0
2006,9,7,15,0,1.799810052,0,0
2006,9,7,18,0,1.748540044,0,0
2006,9,7,21,0,1.670910001,0,0
2006,9,8,0,0,1.759130001,0,0
2006,9,8,3,0,1.793050051,0,0
2006,9,8,6,0,1.774530053,0,0
2006,9,8,9,0,1.633870006,0,0
2006,9,8,12,0,1.558200002,0,0
2006,9,8,15,0,1.529459953,0,0
2006,9,8,18,0,1.520810008,0,0
2006,9,8,21,0,1.524989963,0,0
2006,9,9,0,0,1.582870007,0,0
2006,9,9,3,0,1.61552,0,0
2006,9,9,6,0,1.683869958,0,0
2006,9,9,9,0,1.828670025,0,0
2006,9,9,12,0,2.124160051,0,1
2006,9,9,15,0,2.411839962,0,1
2006,9,9,18,0,2.389050007,0,1
2006,9,9,21,0,2.16166997,0,1
2006,9,10,0,0,1.992210031,0,0
2006,9,10,3,0,1.857980013,0,0
2006,9,10,6,0,1.756250024,0,0
2006,9,10,9,0,1.678130031,0,0
2006,9,10,12,0,1.61461997,0,0
2006,9,10,15,0,1.594720006,0,0
2006,9,10,18,0,1.617390037,0,0
2006,9,10,21,0,1.732789993,0,0
2006,9,11,0,0,2.09397006,0,1
2006,9,11,3,0,2.421410084,0,1
2006,9,11,6,0,2.49703002,0,1
2006,9,11,9,0,2.449009895,0,1
2006,9,11,12,0,2.429080009,0,1
2006,9,11,15,0,2.424210072,0,1
2006,9,11,18,0,2.367539883,0,1
2006,9,11,21,0,2.280189991,0,1
2006,9,12,0,0,2.258069992,0,1
2006,9,12,3,0,2.390789986,0,1
2006,9,12,6,0,2.464289904,0,1
2006,9,12,9,0,2.387140036,0,1
2006,9,12,12,0,2.389960051,0,1
2006,9,12,15,0,2.412590027,0,1
2006,9,12,18,0,2.45442009,0,1
2006,9,12,21,0,2.432899952,0,1
2006,9,13,0,0,2.585079908,0,1
2006,9,13,3,0,2.816669941,0,1
2006,9,13,6,0,2.966650009,0,1
2006,9,13,9,0,2.984689951,0,1
2006,9,13,12,0,3.13725996,1,1
2006,9,13,15,0,3.08375001,1,1
2006,9,13,18,0,2.991110086,0,1
2006,9,13,21,0,2.816099882,0,1
2006,9,14,0,0,2.740570068,0,1
2006,9,14,3,0,2.584640026,0,1
2006,9,14,6,0,2.678649902,0,1
2006,9,14,9,0,2.703730106,0,1
2006,9,14,12,0,2.768179893,0,1
2006,9,14,15,0,2.707740068,0,1
2006,9,14,18,0,2.720499992,0,1
2006,9,14,21,0,2.624350071,0,1
2006,9,15,0,0,2.480289936,0,1
2006,9,15,3,0,2.312599897,0,1
2006,9,15,6,0,2.191600084,0,1
2006,9,15,9,0,2.138849974,0,1
2006,9,15,12,0,2.102020025,0,1
2006,9,15,15,0,2.062570095,0,1
2006,9,15,18,0,2.027930021,0,1
2006,9,15,21,0,2.012290001,0,1
2006,9,16,0,0,2.024780035,0,1
2006,9,16,3,0,2.050590038,0,1
2006,9,16,6,0,2.047790051,0,1
2006,9,16,9,0,2.010809898,0,1
2006,9,16,12,0,1.956419945,0,0
2006,9,16,15,0,1.898509979,0,0
2006,9,16,18,0,1.840530038,0,0
2006,9,16,21,0,1.778740048,0,0
2006,9,17,0,0,1.765210032,0,0
2006,9,17,3,0,1.753069997,0,0
2006,9,17,6,0,1.850610018,0,0
2006,9,17,9,0,2.062319994,0,1
2006,9,17,12,0,2.404839993,0,1
2006,9,17,15,0,2.591559887,0,1
2006,9,17,18,0,2.655169964,0,1
2006,9,17,21,0,2.662359953,0,1
2006,9,18,0,0,2.758949995,0,1
2006,9,18,3,0,2.684819937,0,1
2006,9,18,6,0,2.383009911,0,1
2006,9,18,9,0,2.20133996,0,1
2006,9,18,12,0,2.08494997,0,1
2006,9,18,15,0,2.008480072,0,1
2006,9,18,18,0,2.070990086,0,1
2006,9,18,21,0,2.147459984,0,1
2006,9,19,0,0,2.344909906,0,1
2006,9,19,3,0,2.450999975,0,1
2006,9,19,6,0,2.693880081,0,1
2006,9,19,9,0,2.940510035,0,1
2006,9,19,12,0,3.057679892,1,1
2006,9,19,15,0,3.026809931,1,1
2006,9,19,18,0,2.91734004,0,1
2006,9,19,21,0,2.804239988,0,1
2006,9,20,0,0,2.692399979,0,1
2006,9,20,3,0,2.544359922,0,1
2006,9,20,6,0,2.392889977,0,1
2006,9,20,9,0,2.248330116,0,1
2006,9,20,12,0,2.12052989,0,1
2006,9,20,15,0,2.01989007,0,1
2006,9,20,18,0,2.059089899,0,1
2006,9,20,21,0,2.528379917,0,1
2006,9,21,0,0,2.607140064,0,1
2006,9,21,3,0,2.721859932,0,1
2006,9,21,6,0,2.91211009,0,1
2006,9,21,9,0,3.06498003,1,1
2006,9,21,12,0,3.307889938,1,1
2006,9,21,15,0,3.409120083,1,1
2006,9,21,18,0,3.429510117,1,1
2006,9,21,21,0,3.204109907,1,1
2006,9,22,0,0,3.06833005,1,1
2006,9,22,3,0,2.94107008,0,1
2006,9,22,6,0,2.911750078,0,1
2006,9,22,9,0,2.782700062,0,1
2006,9,22,12,0,2.609960079,0,1
2006,9,22,15,0,2.425960064,0,1
2006,9,22,18,0,2.264219999,0,1
2006,9,22,21,0,2.13567996,0,1
2006,9,23,0,0,2.030469894,0,1
2006,9,23,3,0,1.989249945,0,0
2006,9,23,6,0,2.019910097,0,1
2006,9,23,9,0,1.928500056,0,0
2006,9,23,12,0,1.800119996,0,0
2006,9,23,15,0,1.675570011,0,0
2006,9,23,18,0,1.680439949,0,0
2006,9,23,21,0,1.804239988,0,0
2006,9,24,0,0,2.037739992,0,1
2006,9,24,3,0,2.201930046,0,1
2006,9,24,6,0,2.280529976,0,1
2006,9,24,9,0,2.165669918,0,1
2006,9,24,12,0,2.031090021,0,1
2006,9,24,15,0,1.917880058,0,0
2006,9,24,18,0,1.826130033,0,0
2006,9,24,21,0,1.735380054,0,0
2006,9,25,0,0,1.676570058,0,0
2006,9,25,3,0,1.716019988,0,0
2006,9,25,6,0,1.771340013,0,0
2006,9,25,9,0,1.666849971,0,0
2006,9,25,12,0,1.599949956,0,0
2006,9,25,15,0,1.586750031,0,0
2006,9,25,18,0,1.611700058,0,0
2006,9,25,21,0,1.649850011,0,0
2006,9,26,0,0,1.694519997,0,0
2006,9,26,3,0,1.779889941,0,0
2006,9,26,6,0,1.841070056,0,0
2006,9,26,9,0,1.88981998,0,0
2006,9,26,12,0,1.83615005,0,0
2006,9,26,15,0,1.758069992,0,0
2006,9,26,18,0,1.650189996,0,0
2006,9,26,21,0,1.543879986,0,0
2006,9,27,0,0,1.514400005,0,0
2006,9,27,3,0,1.494799972,0,0
2006,9,27,6,0,1.49593997,0,0
2006,9,27,9,0,1.468760014,0,0
2006,9,27,12,0,1.423050046,0,0
2006,9,27,15,0,1.386399984,0,0
2006,9,27,18,0,1.350759983,0,0
2006,9,27,21,0,1.321009994,0,0
2006,9,28,0,0,1.33265996,0,0
2006,9,28,3,0,1.424430013,0,0
2006,9,28,6,0,1.561339974,0,0
2006,9,28,9,0,1.766780019,0,0
2006,9,28,12,0,1.917709947,0,0
2006,9,28,15,0,2.072309971,0,1
2006,9,28,18,0,2.103600025,0,1
2006,9,28,21,0,2.144949913,0,1
2006,9,29,0,0,2.210269928,0,1
2006,9,29,3,0,2.273380041,0,1
2006,9,29,6,0,2.278980017,0,1
2006,9,29,9,0,2.249530077,0,1
2006,9,29,12,0,2.223809958,0,1
2006,9,29,15,0,2.348259926,0,1
2006,9,29,18,0,2.332870007,0,1
2006,9,29,21,0,2.250890017,0,1
2006,9,30,0,0,2.226170063,0,1
2006,9,30,3,0,2.228760004,0,1
2006,9,30,6,0,2.159450054,0,1
2006,9,30,9,0,2.106250048,0,1
2006,9,30,12,0,2.009680033,0,1
2006,9,30,15,0,1.97439003,0,0
2006,9,30,18,0,1.969519973,0,0
2006,9,30,21,0,1.950940013,0,0
2006,10,1,0,0,1.968989968,0,0
2006,10,1,3,0,2.00503993,0,1
2006,10,1,6,0,2.008009911,0,1
2006,10,1,9,0,1.969789982,0,0
2006,10,1,12,0,1.902529955,0,0
2006,10,1,15,0,1.830549955,0,0
2006,10,1,18,0,1.877169967,0,0
2006,10,1,21,0,1.929309964,0,0
2006,10,2,0,0,1.888280034,0,0
2006,10,2,3,0,1.838260055,0,0
2006,10,2,6,0,1.789960027,0,0
2006,10,2,9,0,1.76473999,0,0
2006,10,2,12,0,1.754119992,0,0
2006,10,2,15,0,1.726959944,0,0
2006,10,2,18,0,1.696480036,0,0
2006,10,2,21,0,1.658879995,0,0
2006,10,3,0,0,1.603690028,0,0
2006,10,3,3,0,1.559900045,0,0
2006,10,3,6,0,1.54358995,0,0
2006,10,3,9,0,1.527870059,0,0
2006,10,3,12,0,1.545259953,0,0
2006,10,3,15,0,1.601869941,0,0
2006,10,3,18,0,1.644580007,0,0
2006,10,3,21,0,1.624549985,0,0
2006,10,4,0,0,1.671990037,0,0
2006,10,4,3,0,1.778349996,0,0
2006,10,4,6,0,1.939560056,0,0
2006,10,4,9,0,2.087179899,0,1
2006,10,4,12,0,2.220380068,0,1
2006,10,4,15,0,2.25722003,0,1
2006,10,4,18,0,2.290169954,0,1
2006,10,4,21,0,2.239259958,0,1
2006,10,5,0,0,2.215529919,0,1
2006,10,5,3,0,2.095449924,0,1
2006,10,5,6,0,1.977159977,0,0
2006,10,5,9,0,1.910159945,0,0
2006,10,5,12,0,1.900920033,0,0
2006,10,5,15,0,1.969030023,0,0
2006,10,5,18,0,2.038239956,0,1
2006,10,5,21,0,2.025640011,0,1
2006,10,6,0,0,1.992059946,0,0
2006,10,6,3,0,1.922430038,0,0
2006,10,6,6,0,1.896190047,0,0
2006,10,6,9,0,1.88519001,0,0
2006,10,6,12,0,1.961050034,0,0
2006,10,6,15,0,2.307379961,0,1
2006,10,6,18,0,2.440069914,0,1
2006,10,6,21,0,2.423749924,0,1
2006,10,7,0,0,2.404809952,0,1
2006,10,7,3,0,2.361629963,0,1
2006,10,7,6,0,2.332400084,0,1
2006,10,7,9,0,2.264450073,0,1
2006,10,7,12,0,2.272609949,0,1
2006,10,7,15,0,2.126919985,0,1
2006,10,7,18,0,2.021330118,0,1
2006,10,7,21,0,1.950510025,0,0
2006,10,8,0,0,1.889260054,0,0
2006,10,8,3,0,1.808609962,0,0
2006,10,8,6,0,1.708240032,0,0
2006,10,8,9,0,1.597470045,0,0
2006,10,8,12,0,1.470600009,0,0
2006,10,8,15,0,1.441869974,0,0
2006,10,8,18,0,1.795189977,0,0
2006,10,8,21,0,2.014909983,0,1
2006,10,9,0,0,1.987400055,0,0
2006,10,9,3,0,1.900349975,0,0
2006,10,9,6,0,1.813300014,0,0
2006,10,9,9,0,1.735730052,0,0
2006,10,9,12,0,1.767470002,0,0
2006,10,9,15,0,1.771710038,0,0
2006,10,9,18,0,1.676599979,0,0
2006,10,9,21,0,1.558459997,0,0
2006,10,10,0,0,1.546190023,0,0
2006,10,10,3,0,1.575780034,0,0
2006,10,10,6,0,1.545959949,0,0
2006,10,10,9,0,1.462210059,0,0
2006,10,10,12,0,1.397740006,0,0
2006,10,10,15,0,1.410019994,0,0
2006,10,10,18,0,1.48980999,0,0
2006,10,10,21,0,1.566089988,0,0
2006,10,11,0,0,1.662340045,0,0
2006,10,11,3,0,1.704069972,0,0
2006,10,11,6,0,1.742750049,0,0
2006,10,11,9,0,1.749959946,0,0
2006,10,11,12,0,1.791380048,0,0
2006,10,11,15,0,1.868219972,0,0
2006,10,11,18,0,1.973799944,0,0
2006,10,11,21,0,2.090939999,0,1
2006,10,12,0,0,2.215059996,0,1
2006,10,12,3,0,2.310839891,0,1
2006,10,12,6,0,2.349920034,0,1
2006,10,12,9,0,2.286469936,0,1
2006,10,12,12,0,2.161319971,0,1
2006,10,12,15,0,2.003230095,0,1
2006,10,12,18,0,1.856179953,0,0
2006,10,12,21,0,1.746819973,0,0
2006,10,13,0,0,1.662840009,0,0
2006,10,13,3,0,1.646119952,0,0
2006,10,13,6,0,1.655060053,0,0
2006,10,13,9,0,1.732900023,0,0
2006,10,13,12,0,1.696320057,0,0
2006,10,13,15,0,1.661520004,0,0
2006,10,13,18,0,1.626309991,0,0
2006,10,13,21,0,1.617050052,0,0
2006,10,14,0,0,1.668859959,0,0
2006,10,14,3,0,1.675999999,0,0
2006,10,14,6,0,1.625890017,0,0
2006,10,14,9,0,1.554520011,0,0
2006,10,14,12,0,1.502769947,0,0
2006,10,14,15,0,1.463510036,0,0
2006,10,14,18,0,1.436689973,0,0
2006,10,14,21,0,1.408820033,0,0
2006,10,15,0,0,1.396620035,0,0
2006,10,15,3,0,1.411620021,0,0
2006,10,15,6,0,1.431499958,0,0
2006,10,15,9,0,1.525110006,0,0
2006,10,15,12,0,1.899350047,0,0
2006,10,15,15,0,2.481580019,0,1
2006,10,15,18,0,2.260489941,0,1
2006,10,15,21,0,2.244489908,0,1
2006,10,16,0,0,2.218199968,0,1
2006,10,16,3,0,2.348860025,0,1
2006,10,16,6,0,2.495399952,0,1
2006,10,16,9,0,2.67118001,0,1
2006,10,16,12,0,2.820149899,0,1
2006,10,16,15,0,2.851119995,0,1
2006,10,16,18,0,2.909039974,0,1
2006,10,16,21,0,2.903259993,0,1
2006,10,17,0,0,2.865099907,0,1
2006,10,17,3,0,2.735369921,0,1
2006,10,17,6,0,2.57269001,0,1
2006,10,17,9,0,2.417989969,0,1
2006,10,17,12,0,2.290090084,0,1
2006,10,17,15,0,2.187000036,0,1
2006,10,17,18,0,2.074160099,0,1
2006,10,17,21,0,1.952829957,0,0
2006,10,18,0,0,1.838960052,0,0
2006,10,18,3,0,1.742849946,0,0
2006,10,18,6,0,1.661389947,0,0
2006,10,18,9,0,1.604470015,0,0
2006,10,18,12,0,1.580459952,0,0
2006,10,18,15,0,1.566509962,0,0
2006,10,18,18,0,1.574880004,0,0
2006,10,18,21,0,1.692870021,0,0
2006,10,19,0,0,2.135849953,0,1
2006,10,19,3,0,2.415390015,0,1
2006,10,19,6,0,2.611639977,0,1
2006,10,19,9,0,2.79411006,0,1
2006,10,19,12,0,2.838180065,0,1
2006,10,19,15,0,2.769720078,0,1
2006,10,19,18,0,2.675820112,0,1
2006,10,19,21,0,2.66147995,0,1
2006,10,20,0,0,2.687680006,0,1
2006,10,20,3,0,2.675179958,0,1
2006,10,20,6,0,2.669300079,0,1
2006,10,20,9,0,2.835160017,0,1
2006,10,20,12,0,3.155139923,1,1
2006,10,20,15,0,3.440030098,1,1
2006,10,20,18,0,3.645819902,1,1
2006,10,20,21,0,3.743429899,1,1
2006,10,21,0,0,3.655469894,1,1
2006,10,21,3,0,3.455019951,1,1
2006,10,21,6,0,3.248820066,1,1
2006,10,21,9,0,3.085269928,1,1
2006,10,21,12,0,2.903179884,0,1
2006,10,21,15,0,2.787090063,0,1
2006,10,21,18,0,2.66211009,0,1
2006,10,21,21,0,2.516000032,0,1
2006,10,22,0,0,2.38380003,0,1
2006,10,22,3,0,2.27741003,0,1
2006,10,22,6,0,2.165189981,0,1
2006,10,22,9,0,2.031650066,0,1
2006,10,22,12,0,1.976629972,0,0
2006,10,22,15,0,1.972659945,0,0
2006,10,22,18,0,1.990440011,0,0
2006,10,22,21,0,2.183979988,0,1
2006,10,23,0,0,2.738189936,0,1
2006,10,23,3,0,3.377170086,1,1
2006,10,23,6,0,3.563539982,1,1
2006,10,23,9,0,3.446609974,1,1
2006,10,23,12,0,3.341929913,1,1
2006,10,23,15,0,3.044960022,1,1
2006,10,23,18,0,2.784780025,0,1
2006,10,23,21,0,2.568109989,0,1
2006,10,24,0,0,2.403899908,0,1
2006,10,24,3,0,2.257869959,0,1
2006,10,24,6,0,2.14703989,0,1
2006,10,24,9,0,2.097450018,0,1
2006,10,24,12,0,2.351919889,0,1
2006,10,24,15,0,3.08543992,1,1
2006,10,24,18,0,4.288619995,1,1
2006,10,24,21,0,5.366479874,1,1
2006,10,25,0,0,5.897940159,1,1
2006,10,25,3,0,5.772550106,1,1
2006,10,25,6,0,5.292099953,1,1
2006,10,25,9,0,4.831150055,1,1
2006,10,25,12,0,4.412310123,1,1
2006,10,25,15,0,4.055309772,1,1
2006,10,25,18,0,3.744610071,1,1
2006,10,25,21,0,3.44746995,1,1
2006,10,26,0,0,3.154459953,1,1
2006,10,26,3,0,2.869689941,0,1
2006,10,26,6,0,2.647850037,0,1
2006,10,26,9,0,2.559380054,0,1
2006,10,26,12,0,2.622989893,0,1
2006,10,26,15,0,2.771399975,0,1
2006,10,26,18,0,2.893699884,0,1
2006,10,26,21,0,2.908699989,0,1
2006,10,27,0,0,3.053719997,1,1
2006,10,27,3,0,3.160660028,1,1
2006,10,27,6,0,3.217979908,1,1
2006,10,27,9,0,3.204370022,1,1
2006,10,27,12,0,3.109200001,1,1
2006,10,27,15,0,2.979229927,0,1
2006,10,27,18,0,2.829139948,0,1
2006,10,27,21,0,2.669260025,0,1
2006,10,28,0,0,2.52512002,0,1
2006,10,28,3,0,2.414299965,0,1
2006,10,28,6,0,2.336139917,0,1
2006,10,28,9,0,2.294490099,0,1
2006,10,28,12,0,2.290339947,0,1
2006,10,28,15,0,2.301909924,0,1
2006,10,28,18,0,2.311719894,0,1
2006,10,28,21,0,2.301320076,0,1
2006,10,29,0,0,2.276030064,0,1
2006,10,29,3,0,2.253259897,0,1
2006,10,29,6,0,2.25270009,0,1
2006,10,29,9,0,2.328190088,0,1
2006,10,29,12,0,2.707720041,0,1
2006,10,29,15,0,3.053800106,1,1
2006,10,29,18,0,3.278189898,1,1
2006,10,29,21,0,3.274600029,1,1
2006,10,30,0,0,3.499330044,1,1
2006,10,30,3,0,3.271680117,1,1
2006,10,30,6,0,2.960249901,0,1
2006,10,30,9,0,2.621530056,0,1
2006,10,30,12,0,2.368230104,0,1
2006,10,30,15,0,2.186719894,0,1
2006,10,30,18,0,2.050669909,0,1
2006,10,30,21,0,1.910940051,0,0
2006,10,31,0,0,1.78629005,0,0
2006,10,31,3,0,1.721680045,0,0
2006,10,31,6,0,1.663439989,0,0
2006,10,31,9,0,1.592440009,0,0
2006,10,31,12,0,1.642420053,0,0
2006,10,31,15,0,1.632660031,0,0
2006,10,31,18,0,1.654610038,0,0
2006,10,31,21,0,1.620110035,0,0
2006,11,1,0,0,1.583909988,0,0
2006,11,1,3,0,1.643390059,0,0
2006,11,1,6,0,1.827499986,0,0
2006,11,1,9,0,1.947819948,0,0
2006,11,1,12,0,2.021889925,0,1
2006,11,1,15,0,2.023070097,0,1
2006,11,1,18,0,2.071650028,0,1
2006,11,1,21,0,1.991969943,0,0
2006,11,2,0,0,2.004940033,0,1
2006,11,2,3,0,2.204109907,0,1
2006,11,2,6,0,2.393769979,0,1
2006,11,2,9,0,2.499249935,0,1
2006,11,2,12,0,2.866620064,0,1
2006,11,2,15,0,3.381459951,1,1
2006,11,2,18,0,3.953299999,1,1
2006,11,2,21,0,3.964819908,1,1
2006,11,3,0,0,3.826230049,1,1
2006,11,3,3,0,3.530740023,1,1
2006,11,3,6,0,3.567130089,1,1
2006,11,3,9,0,3.403150082,1,1
2006,11,3,12,0,3.969219923,1,1
2006,11,3,15,0,4.220359802,1,1
2006,11,3,18,0,4.230879784,1,1
2006,11,3,21,0,3.569610119,1,1
2006,11,4,0,0,3.242419958,1,1
2006,11,4,3,0,3.10668993,1,1
2006,11,4,6,0,3.153700113,1,1
2006,11,4,9,0,3.056289911,1,1
2006,11,4,12,0,3.093039989,1,1
2006,11,4,15,0,3.3526299,1,1
2006,11,4,18,0,4.884220123,1,1
2006,11,4,21,0,4.659999847,1,1
2006,11,5,0,0,4.001510143,1,1
2006,11,5,3,0,3.490910053,1,1
2006,11,5,6,0,3.232630014,1,1
2006,11,5,9,0,2.917079926,0,1
2006,11,5,12,0,2.69946003,0,1
2006,11,5,15,0,2.534579992,0,1
2006,11,5,18,0,2.424160004,0,1
2006,11,5,21,0,2.371530056,0,1
2006,11,6,0,0,2.887229919,0,1
2006,11,6,3,0,3.347359896,1,1
2006,11,6,6,0,4.281670094,1,1
2006,11,6,9,0,4.255440235,1,1
2006,11,6,12,0,4.47273016,1,1
2006,11,6,15,0,4.589580059,1,1
2006,11,6,18,0,4.996280193,1,1
2006,11,6,21,0,5.23071003,1,1
2006,11,7,0,0,5.240479946,1,1
2006,11,7,3,0,4.897220135,1,1
2006,11,7,6,0,4.668759823,1,1
2006,11,7,9,0,4.780479908,1,1
2006,11,7,12,0,5.531439781,1,1
2006,11,7,15,0,6.069419861,1,1
2006,11,7,18,0,5.815209866,1,1
2006,11,7,21,0,5.231379986,1,1
2006,11,8,0,0,4.692599773,1,1
2006,11,8,3,0,4.314499855,1,1
2006,11,8,6,0,4.030650139,1,1
2006,11,8,9,0,3.752650023,1,1
2006,11,8,12,0,3.516419888,1,1
2006,11,8,15,0,3.330339909,1,1
2006,11,8,18,0,3.120110035,1,1
2006,11,8,21,0,2.899019957,0,1
2006,11,9,0,0,2.687599897,0,1
2006,11,9,3,0,2.489629984,0,1
2006,11,9,6,0,2.310760021,0,1
2006,11,9,9,0,2.201709986,0,1
2006,11,9,12,0,2.088939905,0,1
2006,11,9,15,0,1.965090036,0,0
2006,11,9,18,0,1.922829986,0,0
2006,11,9,21,0,1.984689951,0,0
2006,11,10,0,0,2.257100105,0,1
2006,11,10,3,0,2.680759907,0,1
2006,11,10,6,0,3.752569914,1,1
2006,11,10,9,0,4.225440025,1,1
2006,11,10,12,0,6.057909966,1,1
2006,11,10,15,0,5.326369762,1,1
2006,11,10,18,0,4.495920181,1,1
2006,11,10,21,0,4.344220161,1,1
2006,11,11,0,0,4.474110126,1,1
2006,11,11,3,0,4.562920094,1,1
2006,11,11,6,0,4.519410133,1,1
2006,11,11,9,0,4.441549778,1,1
2006,11,11,12,0,4.328760147,1,1
2006,11,11,15,0,4.312039852,1,1
2006,11,11,18,0,4.344110012,1,1
2006,11,11,21,0,4.37116003,1,1
2006,11,12,0,0,4.45870018,1,1
2006,11,12,3,0,4.455840111,1,1
2006,11,12,6,0,4.339489937,1,1
2006,11,12,9,0,4.249080181,1,1
2006,11,12,12,0,4.362979889,1,1
2006,11,12,15,0,4.797299862,1,1
2006,11,12,18,0,5.003940105,1,1
2006,11,12,21,0,5.084959984,1,1
2006,11,13,0,0,6.187860012,1,1
2006,11,13,3,0,6.620319843,1,1
2006,11,13,6,0,5.715899944,1,1
2006,11,13,9,0,6.539159775,1,1
2006,11,13,12,0,5.644509792,1,1
2006,11,13,15,0,4.838059902,1,1
2006,11,13,18,0,4.708079815,1,1
2006,11,13,21,0,4.358769894,1,1
2006,11,14,0,0,4.10559988,1,1
2006,11,14,3,0,4.104469776,1,1
2006,11,14,6,0,3.900929928,1,1
2006,11,14,9,0,3.569999933,1,1
2006,11,14,12,0,3.25515008,1,1
2006,11,14,15,0,2.990649939,0,1
2006,11,14,18,0,2.757989883,0,1
2006,11,14,21,0,2.506740093,0,1
2006,11,15,0,0,2.321490049,0,1
2006,11,15,3,0,2.448199987,0,1
2006,11,15,6,0,3.066119909,1,1
2006,11,15,9,0,3.819649935,1,1
2006,11,15,12,0,4.941899776,1,1
2006,11,15,15,0,6.536159992,1,1
2006,11,15,18,0,7.01432991,1,1
2006,11,15,21,0,8.550979614,1,1
2006,11,16,0,0,7.682610035,1,1
2006,11,16,3,0,6.424439907,1,1
2006,11,16,6,0,5.593830109,1,1
2006,11,16,9,0,4.915450096,1,1
2006,11,16,12,0,4.444369793,1,1
2006,11,16,15,0,4.105309963,1,1
2006,11,16,18,0,3.821000099,1,1
2006,11,16,21,0,3.659529924,1,1
2006,11,17,0,0,3.646239996,1,1
2006,11,17,3,0,3.886420012,1,1
2006,11,17,6,0,4.279280186,1,1
2006,11,17,9,0,4.402420044,1,1
2006,11,17,12,0,4.384140015,1,1
2006,11,17,15,0,4.283880234,1,1
2006,11,17,18,0,4.194980145,1,1
2006,11,17,21,0,4.060070038,1,1
2006,11,18,0,0,3.901050091,1,1
2006,11,18,3,0,3.774090052,1,1
2006,11,18,6,0,3.634890079,1,1
2006,11,18,9,0,3.489949942,1,1
2006,11,18,12,0,3.337779999,1,1
2006,11,18,15,0,3.255690098,1,1
2006,11,18,18,0,3.267910004,1,1
2006,11,18,21,0,3.107229948,1,1
2006,11,19,0,0,2.970360041,0,1
2006,11,19,3,0,2.886379957,0,1
2006,11,19,6,0,3.054339886,1,1
2006,11,19,9,0,3.570139885,1,1
2006,11,19,12,0,4.751299858,1,1
2006,11,19,15,0,6.195930004,1,1
2006,11,19,18,0,5.312699795,1,1
2006,11,19,21,0,4.697619915,1,1
2006,11,20,0,0,4.286280155,1,1
2006,11,20,3,0,3.951169968,1,1
2006,11,20,6,0,3.740679979,1,1
2006,11,20,9,0,3.644409895,1,1
2006,11,20,12,0,3.507100105,1,1
2006,11,20,15,0,3.329669952,1,1
2006,11,20,18,0,3.507940054,1,1
2006,11,20,21,0,3.706899881,1,1
2006,11,21,0,0,3.452379942,1,1
2006,11,21,3,0,3.241480112,1,1
2006,11,21,6,0,2.997600079,0,1
2006,11,21,9,0,3.213099957,1,1
2006,11,21,12,0,3.936029911,1,1
2006,11,21,15,0,4.233029842,1,1
2006,11,21,18,0,4.552529812,1,1
2006,11,21,21,0,4.364490032,1,1
2006,11,22,0,0,3.939140081,1,1
2006,11,22,3,0,3.731709957,1,1
2006,11,22,6,0,3.651619911,1,1
2006,11,22,9,0,3.59423995,1,1
2006,11,22,12,0,3.636790037,1,1
2006,11,22,15,0,3.695359945,1,1
2006,11,22,18,0,3.723779917,1,1
2006,11,22,21,0,3.642580032,1,1
2006,11,23,0,0,3.659960032,1,1
2006,11,23,3,0,3.879640102,1,1
2006,11,23,6,0,4.291830063,1,1
2006,11,23,9,0,4.432960033,1,1
2006,11,23,12,0,3.999010086,1,1
2006,11,23,15,0,3.578289986,1,1
2006,11,23,18,0,3.785409927,1,1
2006,11,23,21,0,4.138860226,1,1
2006,11,24,0,0,4.424640179,1,1
2006,11,24,3,0,4.282259941,1,1
2006,11,24,6,0,4.149119854,1,1
2006,11,24,9,0,3.843760014,1,1
2006,11,24,12,0,3.561150074,1,1
2006,11,24,15,0,3.229500055,1,1
2006,11,24,18,0,2.935309887,0,1
2006,11,24,21,0,2.7003901,0,1
2006,11,25,0,0,2.544589996,0,1
2006,11,25,3,0,2.333830118,0,1
2006,11,25,6,0,2.301529884,0,1
2006,11,25,9,0,2.43618989,0,1
2006,11,25,12,0,2.375030041,0,1
2006,11,25,15,0,2.07923007,0,1
2006,11,25,18,0,1.865129948,0,0
2006,11,25,21,0,1.838289976,0,0
2006,11,26,0,0,2.255530119,0,1
2006,11,26,3,0,2.56546998,0,1
2006,11,26,6,0,2.857800007,0,1
2006,11,26,9,0,3.264909983,1,1
2006,11,26,12,0,3.540879965,1,1
2006,11,26,15,0,2.884680033,0,1
2006,11,26,18,0,2.692159891,0,1
2006,11,26,21,0,3.272690058,1,1
2006,11,27,0,0,4.170249939,1,1
2006,11,27,3,0,4.834559917,1,1
2006,11,27,6,0,4.74311018,1,1
2006,11,27,9,0,4.485439777,1,1
2006,11,27,12,0,4.391260147,1,1
2006,11,27,15,0,4.335710049,1,1
2006,11,27,18,0,4.59705019,1,1
2006,11,27,21,0,4.52203989,1,1
2006,11,28,0,0,4.632329941,1,1
2006,11,28,3,0,4.665229797,1,1
2006,11,28,6,0,4.401370049,1,1
2006,11,28,9,0,3.842050076,1,1
2006,11,28,12,0,3.389770031,1,1
2006,11,28,15,0,3.018009901,1,1
2006,11,28,18,0,2.699709892,0,1
2006,11,28,21,0,2.469300032,0,1
2006,11,29,0,0,2.296819925,0,1
2006,11,29,3,0,2.149270058,0,1
2006,11,29,6,0,2.069619894,0,1
2006,11,29,9,0,2.002150059,0,1
2006,11,29,12,0,1.933330059,0,0
2006,11,29,15,0,1.920809984,0,0
2006,11,29,18,0,2.274019957,0,1
2006,11,29,21,0,2.681319952,0,1
2006,11,30,0,0,3.19904995,1,1
2006,11,30,3,0,3.46333003,1,1
2006,11,30,6,0,3.745899916,1,1
2006,11,30,9,0,3.183949947,1,1
2006,11,30,12,0,3.219150066,1,1
2006,11,30,15,0,3.167550087,1,1
2006,11,30,18,0,3.000210047,1,1
2006,11,30,21,0,2.819819927,0,1
2006,12,1,0,0,2.693559885,0,1
2006,12,1,3,0,2.675839901,0,1
2006,12,1,6,0,2.766239882,0,1
2006,12,1,9,0,3.063899994,1,1
2006,12,1,12,0,3.322860003,1,1
2006,12,1,15,0,3.250149965,1,1
2006,12,1,18,0,3.043669939,1,1
2006,12,1,21,0,2.793009996,0,1
2006,12,2,0,0,2.569099903,0,1
2006,12,2,3,0,2.356450081,0,1
2006,12,2,6,0,2.163710117,0,1
2006,12,2,9,0,2.012399912,0,1
2006,12,2,12,0,1.902250051,0,0
2006,12,2,15,0,1.844079971,0,0
2006,12,2,18,0,1.873110056,0,0
2006,12,2,21,0,1.981840014,0,0
2006,12,3,0,0,2.096050024,0,1
2006,12,3,3,0,2.236799955,0,1
2006,12,3,6,0,2.289829969,0,1
2006,12,3,9,0,2.3067801,0,1
2006,12,3,12,0,2.303489923,0,1
2006,12,3,15,0,2.180360079,0,1
2006,12,3,18,0,2.074229956,0,1
2006,12,3,21,0,2.07494998,0,1
2006,12,4,0,0,2.242259979,0,1
2006,12,4,3,0,2.283790112,0,1
2006,12,4,6,0,2.258430004,0,1
2006,12,4,9,0,2.144030094,0,1
2006,12,4,12,0,2.018130064,0,1
2006,12,4,15,0,1.994950056,0,0
2006,12,4,18,0,1.992110014,0,0
2006,12,4,21,0,1.991899967,0,0
2006,12,5,0,0,2.005019903,0,1
2006,12,5,3,0,2.202349901,0,1
2006,12,5,6,0,2.378170013,0,1
2006,12,5,9,0,2.532490015,0,1
2006,12,5,12,0,2.700839996,0,1
2006,12,5,15,0,2.770920038,0,1
2006,12,5,18,0,2.721570015,0,1
2006,12,5,21,0,2.641380072,0,1
2006,12,6,0,0,2.5504601,0,1
2006,12,6,3,0,2.339620113,0,1
2006,12,6,6,0,2.170510054,0,1
2006,12,6,9,0,2.071559906,0,1
2006,12,6,12,0,2.084320068,0,1
2006,12,6,15,0,2.081510067,0,1
2006,12,6,18,0,2.115230083,0,1
2006,12,6,21,0,2.135699987,0,1
2006,12,7,0,0,2.269160032,0,1
2006,12,7,3,0,2.548599958,0,1
2006,12,7,6,0,2.961129904,0,1
2006,12,7,9,0,3.158329964,1,1
2006,12,7,12,0,3.497950077,1,1
2006,12,7,15,0,3.894659996,1,1
2006,12,7,18,0,4.485599995,1,1
2006,12,7,21,0,4.972229958,1,1
2006,12,8,0,0,5.190509796,1,1
2006,12,8,3,0,5.251719952,1,1
2006,12,8,6,0,5.345950127,1,1
2006,12,8,9,0,5.444819927,1,1
2006,12,8,12,0,5.465390205,1,1
2006,12,8,15,0,5.261650085,1,1
2006,12,8,18,0,4.9801898,1,1
2006,12,8,21,0,4.616650105,1,1
2006,12,9,0,0,4.380139828,1,1
2006,12,9,3,0,4.175749779,1,1
2006,12,9,6,0,4.062310219,1,1
2006,12,9,9,0,4.006549835,1,1
2006,12,9,12,0,4.176400185,1,1
2006,12,9,15,0,4.359469891,1,1
2006,12,9,18,0,4.130579948,1,1
2006,12,9,21,0,3.779759884,1,1
2006,12,10,0,0,3.359159946,1,1
2006,12,10,3,0,3.209150076,1,1
2006,12,10,6,0,3.302320004,1,1
2006,12,10,9,0,3.52828002,1,1
2006,12,10,12,0,3.932820082,1,1
2006,12,10,15,0,3.783349991,1,1
2006,12,10,18,0,3.997550011,1,1
2006,12,10,21,0,4.242990017,1,1
2006,12,11,0,0,4.546440125,1,1
2006,12,11,3,0,5.506939888,1,1
2006,12,11,6,0,7.184549809,1,1
2006,12,11,9,0,7.55546999,1,1
2006,12,11,12,0,8.099720001,1,1
2006,12,11,15,0,9.002300262,1,1
2006,12,11,18,0,8.882379532,1,1
2006,12,11,21,0,7.827260017,1,1
2006,12,12,0,0,7.467299938,1,1
2006,12,12,3,0,6.498040199,1,1
2006,12,12,6,0,5.924339771,1,1
2006,12,12,9,0,5.457099915,1,1
2006,12,12,12,0,5.025400162,1,1
2006,12,12,15,0,4.691919804,1,1
2006,12,12,18,0,4.520309925,1,1
2006,12,12,21,0,4.536429882,1,1
2006,12,13,0,0,4.854450226,1,1
2006,12,13,3,0,5.174540043,1,1
2006,12,13,6,0,6.053649902,1,1
2006,12,13,9,0,6.020090103,1,1
2006,12,13,12,0,6.025229931,1,1
2006,12,13,15,0,6.590119839,1,1
2006,12,13,18,0,7.252810001,1,1
2006,12,13,21,0,8.025279999,1,1
2006,12,14,0,0,8.262849808,1,1
2006,12,14,3,0,7.924389839,1,1
2006,12,14,6,0,7.422480106,1,1
2006,12,14,9,0,7.012589931,1,1
2006,12,14,12,0,6.632890224,1,1
2006,12,14,15,0,6.176169872,1,1
2006,12,14,18,0,6.065869808,1,1
2006,12,14,21,0,7.69107008,1,1
2006,12,15,0,0,7.563340187,1,1
2006,12,15,3,0,8.19423008,1,1
2006,12,15,6,0,8.228110313,1,1
2006,12,15,9,0,8.746230125,1,1
2006,12,15,12,0,9.074139595,1,1
2006,12,15,15,0,8.171090126,1,1
2006,12,15,18,0,6.784170151,1,1
2006,12,15,21,0,5.694970131,1,1
2006,12,16,0,0,5.019420147,1,1
2006,12,16,3,0,4.512469769,1,1
2006,12,16,6,0,4.109950066,1,1
2006,12,16,9,0,3.822530031,1,1
2006,12,16,12,0,3.660039902,1,1
2006,12,16,15,0,3.558190107,1,1
2006,12,16,18,0,3.538209915,1,1
2006,12,16,21,0,3.354850054,1,1
2006,12,17,0,0,3.069859982,1,1
2006,12,17,3,0,2.830919981,0,1
2006,12,17,6,0,2.747940063,0,1
2006,12,17,9,0,2.98890996,0,1
2006,12,17,12,0,3.156699896,1,1
2006,12,17,15,0,3.106509924,1,1
2006,12,17,18,0,2.952300072,0,1
2006,12,17,21,0,2.739870071,0,1
2006,12,18,0,0,2.513940096,0,1
2006,12,18,3,0,2.337260008,0,1
2006,12,18,6,0,2.657049894,0,1
2006,12,18,9,0,3.327830076,1,1
2006,12,18,12,0,3.948430061,1,1
2006,12,18,15,0,4.093910217,1,1
2006,12,18,18,0,4.072800159,1,1
2006,12,18,21,0,4.064579964,1,1
2006,12,19,0,0,4.176539898,1,1
2006,12,19,3,0,4.535039902,1,1
2006,12,19,6,0,4.944829941,1,1
2006,12,19,9,0,5.077809811,1,1
2006,12,19,12,0,5.033850193,1,1
2006,12,19,15,0,4.699329853,1,1
2006,12,19,18,0,4.443230152,1,1
2006,12,19,21,0,4.123899937,1,1
2006,12,20,0,0,3.901489973,1,1
2006,12,20,3,0,3.798949957,1,1
2006,12,20,6,0,3.984999895,1,1
2006,12,20,9,0,4.051790237,1,1
2006,12,20,12,0,4.296209812,1,1
2006,12,20,15,0,4.62473011,1,1
2006,12,20,18,0,5.123260021,1,1
2006,12,20,21,0,5.793469906,1,1
2006,12,21,0,0,6.830080032,1,1
2006,12,21,3,0,8.348930359,1,1
2006,12,21,6,0,8.126029968,1,1
2006,12,21,9,0,7.646309853,1,1
2006,12,21,12,0,8.01609993,1,1
2006,12,21,15,0,7.683050156,1,1
2006,12,21,18,0,7.223899841,1,1
2006,12,21,21,0,6.860290051,1,1
2006,12,22,0,0,6.44355011,1,1
2006,12,22,3,0,6.03869009,1,1
2006,12,22,6,0,5.614649773,1,1
2006,12,22,9,0,5.171470165,1,1
2006,12,22,12,0,4.800930023,1,1
2006,12,22,15,0,4.477970123,1,1
2006,12,22,18,0,4.177820206,1,1
2006,12,22,21,0,4.066020012,1,1
2006,12,23,0,0,4.091239929,1,1
2006,12,23,3,0,4.241869926,1,1
2006,12,23,6,0,5.046730042,1,1
2006,12,23,9,0,5.856919765,1,1
2006,12,23,12,0,6.016789913,1,1
2006,12,23,15,0,5.550159931,1,1
2006,12,23,18,0,5.037759781,1,1
2006,12,23,21,0,4.670820236,1,1
2006,12,24,0,0,4.394519806,1,1
2006,12,24,3,0,4.17869997,1,1
2006,12,24,6,0,3.973449945,1,1
2006,12,24,9,0,3.999929905,1,1
2006,12,24,12,0,4.109769821,1,1
2006,12,24,15,0,4.517519951,1,1
2006,12,24,18,0,5.304759979,1,1
2006,12,24,21,0,5.809760094,1,1
2006,12,25,0,0,5.71600008,1,1
2006,12,25,3,0,4.995779991,1,1
2006,12,25,6,0,4.524300098,1,1
2006,12,25,9,0,4.42013979,1,1
2006,12,25,12,0,5.528739929,1,1
2006,12,25,15,0,6.891230106,1,1
2006,12,25,18,0,7.199339867,1,1
2006,12,25,21,0,7.026669979,1,1
2006,12,26,0,0,6.724490166,1,1
2006,12,26,3,0,6.297450066,1,1
2006,12,26,6,0,5.800280094,1,1
2006,12,26,9,0,5.329410076,1,1
2006,12,26,12,0,4.914090157,1,1
2006,12,26,15,0,4.592000008,1,1
2006,12,26,18,0,4.525730133,1,1
2006,12,26,21,0,4.276480198,1,1
2006,12,27,0,0,4.309529781,1,1
2006,12,27,3,0,4.65196991,1,1
2006,12,27,6,0,5.343949795,1,1
2006,12,27,9,0,5.537950039,1,1
2006,12,27,12,0,6.021100044,1,1
2006,12,27,15,0,6.743090153,1,1
2006,12,27,18,0,6.647880077,1,1
2006,12,27,21,0,5.855370045,1,1
2006,12,28,0,0,4.810649872,1,1
2006,12,28,3,0,3.861989975,1,1
2006,12,28,6,0,3.069139957,1,1
2006,12,28,9,0,2.533090115,0,1
2006,12,28,12,0,2.208209991,0,1
2006,12,28,15,0,1.998280048,0,0
2006,12,28,18,0,1.84679997,0,0
2006,12,28,21,0,1.824900031,0,0
2006,12,29,0,0,1.867059946,0,0
2006,12,29,3,0,2.02538991,0,1
2006,12,29,6,0,2.73477006,0,1
2006,12,29,9,0,3.240050077,1,1
2006,12,29,12,0,3.670409918,1,1
2006,12,29,15,0,3.895689964,1,1
2006,12,29,18,0,4.047699928,1,1
2006,12,29,21,0,4.166130066,1,1
2006,12,30,0,0,4.108540058,1,1
2006,12,30,3,0,3.947340012,1,1
2006,12,30,6,0,4.037059784,1,1
2006,12,30,9,0,4.723269939,1,1
2006,12,30,12,0,5.189700127,1,1
2006,12,30,15,0,5.045619965,1,1
2006,12,30,18,0,4.800340176,1,1
2006,12,30,21,0,4.607940197,1,1
2006,12,31,0,0,4.453350067,1,1
2006,12,31,3,0,4.277490139,1,1
2006,12,31,6,0,4.101769924,1,1
2006,12,31,9,0,3.934600115,1,1
2006,12,31,12,0,3.755069971,1,1
2006,12,31,15,0,3.54185009,1,1
2006,12,31,18,0,3.278759956,1,1
2006,12,31,21,0,3.029639959,1,1
